review_title,review_text,review_star,page
"







  
  
    じゃあ最初からやれよ【ネタばれ含む】
  
","







  
  
    おそらくはシン・ゴジラを見て「ああ、一流の俳優陣にペラペラしゃべらせとけばいいのか」と思って作ったのかもしれないが、俳優陣の無駄遣いここに極まれりといった感じ。結局、主人公がウルトラマンみたいなものになって怪獣の死体を運んで終わり。今までの2時間ほどの苦労はなんだったのかと。ウルトラマンになれるならさっさと運んで終わりだろ。ヒロインも好きな男がいるのに他の男と結婚してて訳わからんし。しかも主人公が戻ってきたら不倫OKみたいな感じで迫りまくるので不快感も感じる。どちらせよ駄作。
  
",5つ星のうち2.0,7
"







  
  
    たしかに駄作。Amazonプライムで観れて確認。
  
","







  
  
    テーマ的にはとても良さそうだし、映画会社のマーケティングもこれはイケると思ったでしょう。でも逝ってしまいましたね。Amazonプライム特典で観られるようになったので鑑賞。まさしく駄作。ノリよく社会・政治風刺もできる素材ですが、残念。ノリで言うと三谷幸喜さんや伊丹十三さんのような時代を捉えた作品になったかもしれませんが、ただただ大げさでつまらないギャグが空回り。センスがないのか、周りからいろいろ言われるのを全部吸い込んで、大怪獣の死体のごとくにそれが腹の中で腐って爆発したのか。政治風刺も政治や社会課題をまるで分っていない他人事なのに、適当に作品のスパイスにしようとしてる感じ。スパイスじゃなくて火薬なのを知らずに使って、これも爆発。残念です。エンドロール後の第二弾制作発表は悲しい。★二つは作品無星のところ、Amazon特典で観られて良かった、ありがとうというAmazonさんへの感謝の2つ星です。
  
",5つ星のうち2.0,7
"







  
  
    大怪獣のあとしまつ・・・のためにあーだこーだ言い合う映画
  
","







  
  
    割りと真面目に大怪獣のあとしまつ（解体作業や被害地域の復興）を見たかったのに想像と違いました。見たかったもの→ウルトラマンなどが派手に怪獣倒した後の裏方の苦労ややりがいを描いた映画この映画→怪獣のあとしまつを巡って政治や人間関係でゴチャゴチャ言い合う映画期待していたものは見れないし、中途半端にコメディ要素がふんだんでそれが余計ストレスになるという。
  
",5つ星のうち2.0,7
"







  
  
    理解できる層は絞られる
  
","







  
  
    物語の構成やテーマがシニカルです。怪獣の後始末という本流を政争で表現し、物語の後始末を最初に置いたわかりやすい伏線で、シニカルに回収して終わります。個々の特撮表現は良くできていますが、あくまでエッセンス。本題を際立たせるにはコメディ路線は難しいですね。映画から作り手の臭いがこの作品よろしく出てくるのも変な意味での面白さかもしれませんが、娯楽作品としてみるには些か品がないようです。
  
",5つ星のうち2.0,7
"







  
  
    題材としてはすっごーーーくいいと思うのに、、、、、
  
","







  
  
    とにかく無駄なダジャレが多くってうんざり怪獣の価値って骨格標本でも十分あったよね？なのになんで生にこだわるのか終いには結局アレがでてきてどうこうできるなら最初っからそれできたじゃーんって('-ω-｀)期待が大きすぎたのでしょうか
  
",5つ星のうち2.0,7
"







  
  
    最後がもったいない
  
","







  
  
    国務大臣は、責任の押し付け合いで現場の人間が真剣に考えて行動する。どの社会でもありうることだが、そこのところをコミカルに豪華役者人が演じて面白い。また、ダムの爆破もオダギリさんがいい味出していて楽しめました。途中のギャグも許せる内容だし、この人たちがこんな役をというところもぜいたくに使っていたので、かえって主役の山田君が脇役になってしまった感がありました。大怪獣のあとしまつという題材からして、これまでなかった視点ですし、倒した後も復興という意味で大変なわけで、そこを狙った作品としておおいにきたいした。人間の英知を結集して、水洗トイレの原理や焼き肉屋の換気扇など、身近なもので対応しようとするところもとても面白いアイデアだと思った。しかし、最後ががっかりの安きに逃げた感が否めない。選ばれし人なんていったら今までの物語は何だったのか、その流れはいくらでもあるのに。最後まで人間の身近な知恵で解決してほしかった。最後の最後で白けてしまった。
  
",5つ星のうち2.0,7
"







  
  
    映画館で観なくてよかった。
  
","







  
  
    怪獣の後始末(残骸処理)と災害復興をパロディやギャグを織り交ぜて題材とした着眼点はよい。でも、それだけ。全然、内容が追いついていない。映画館で観たら後悔する作品だった。脚本がアレでも全力で演じる役者さんってすごいなというところで星+1
  
",5つ星のうち2.0,7
"







  
  
    風刺映画
  
","







  
  
    豪華キャストを使った社会風刺映画でした。ひとりで見ていたら確実に途中でリタイアしてしまったと思いますが、家族が一緒に鑑賞していたのでなんとか最後まで頑張りました。おおっ！と思ったのは染谷夫妻が共演していたことくらいでした。
  
",5つ星のうち2.0,7
"







  
  
    閣僚の会議はまったく不要
  
","







  
  
    公開時にものすごく不評だったので、興味はあったもののここまで我慢しました。結果、それで正解でした。劇場に足を運んでいたらとてもモヤモヤした気持ちで帰らないといけなかったでしょう。映像しっかり、俳優ばっちり、大きな筋も悪くない。あれ？そんなに悪くない。でも、多くの人が言われている閣僚の会議部分がとても気持ちが悪い。脚本＆監督ということで誰も口出しできないパターンで制作が進んだことと思います。このシュールさがこちらの監督さんの持ち味である、ともどこかで読みました。個性は個性として認めます。しかし、大きな資本を使ってやるお遊びではないかな、と思います。プロなら観客が見たいものを見せてやる、という姿勢も欲しいです。あの閣僚会議の場面のシュール演出がこの映画の質を大きく下げたと思います。
  
",5つ星のうち2.0,7
"







  
  
    期待していた内容と大きく違う。これが今の日本のシナリオ力か...
  
","







  
  
    映画公開時にCMで見て、「あぁ、確かに怪獣倒した後ってその死体が邪魔だよな。どうやって処理するのかって今まで考えもしなかったから面白そう」と思いましたが、プライム登場で見ようと思えばその低評価に驚き。プライムどころか他のサイトでも低評価。まぁ暇な時間に軽く見るならと思いいざみて見ましたが、日本のよくあるコメディータッチ。まぁここまでは許しますが、最後の落ちにすべてをただのファンタジーで終わらせるならばこの映画のタイトル全てを否定してると思います。出演してるメインに俳優もチビばかり。特殊部隊がそんなにチビ達なのか？これでは海外の人が見ても韓国映画とかに見た目の入りからしても勝てない。そしてこのシナリオ。もっと視聴者ってリアルな物を求めてると思いますよ。これだけの怪獣が実際に国内で死んだらその死体でどうするかってホントのところでリアルにやっていたらもっと面白かったでしょうね。でもそれを描くだけの発想が実際にはないんでしょう。非常に残念な作品でした。
  
",5つ星のうち2.0,7
"







  
  
    開始１５分くらいで見るの辞めた。
  
","







  
  
    怪獣映画だからシンゴジラのような緊張感やシリアス感を期待していたが大外れ。ナレーションの音声や、所々にあるふざけた感じの演出が緊張感を無くしている。
  
",5つ星のうち2.0,10
"







  
  
    微妙..
  
","







  
  
    途中で飽きました
  
",5つ星のうち2.0,10
"







  
  
    くだらないけど出来はよい
  
","







  
  
    特撮好きにはたまらない。ストーリーはくだらないけどそれをカバーする特撮のレベルの高さ。アートとして観て面白い。
  
",5つ星のうち3.0,10
"







  
  
    期待していたノリではなかった。
  
","







  
  
    盲点を突いた魅惑的なタイトルと監督三木聡、とくれば時効警察みたいなどこまで真剣なのかわからないような脱力系のくだらないダラダラ～っとしたのを期待していたのだけどシリアスにやっちゃったかぁ…という感じ。
  
",5つ星のうち2.0,10
"







  
  
    映画館で観ていたら絶対寝てる。
  
","







  
  
    脚本から演出から役者の演技や台詞回しまで基本ふざけてる。コメディーじゃなく延々とふざけてる。クスリと出来るのも最初の数十分だけそれ以降はうんざりする。途中ゲームしながら見て手を止めることが無かったよ自分でびっくりした。
  
",5つ星のうち2.0,10
"







  
  
    結末が…。
  
","







  
  
    何やそれ！って視聴者全員がつっこむような終わり方。題材は良かったんだけどね。
  
",5つ星のうち2.0,10
"







  
  
    豪華俳優陣の無駄遣い
  
","







  
  
    この作品はもっとシリアスに抑えめの演技で作ったほうが面白かったんじゃないかなと思います。俳優陣の個性が強すぎて、怪獣のインパクトが薄いですｗインディーズとかで作っていれば評価は高かったのでは？
  
",5つ星のうち2.0,10
"







  
  
    汚い・・・
  
","







  
  
    色々と汚い。汚いの最上級単語を何度も連呼されると・・・。そもそも最初から巨大化して運べよ・・・。
  
",5つ星のうち2.0,10
"







  
  
    ただただ
  
","







  
  
    色々とキモチワルイ映画でした。
  
",5つ星のうち2.0,10
"







  
  
    タイトル詐欺
  
","







  
  
    結末がひどかった、後始末できてない。
  
",5つ星のうち2.0,10
"







  
  
    ハードルを下げた分
  
","







  
  
    散々なレヴューを聞いていましたが、ハードルを下げた分、まぁ、いいんじゃない？親父下ネタギャグがなければ、もうひとつ上げていたかも。というか、山田君、太鳳ちゃんの無駄遣い。でも、どっちも数字持ってないからなぁ。
  
",5つ星のうち2.0,9
"







  
  
    いろんな意味で中途半端(ネタバレ有り)
  
","







  
  
    いろんな意味で中途半端感がぬぐえない。映画はシリアスの中にコメディを織り交ぜている(逆？)が、普通にシリアスの中にコメディを織り交ぜれば良いが、映画の中では完全にシリアス班とコメディ班に分かれており、微妙に違和感がある。統一感が無いと言うか、別の映画を見てる感じと言うか。最後、アラタのおかげで焼肉屋の排煙作戦が成功したのではないかと思うのだが(その後のミサイルで台無しになった？)、結局は自分が怪獣を宇宙に運ぶというどっちらけの展開。それなら最初から自分で宇宙に運べよと思う。もしくは少なくともミサイルが失敗してからでも出来る事じゃない？ウルトラマンが最初からスペシウム光線を出せばいいじゃんと小学生でも思うようなことを最後に平気でやってしまうあたりは如何なものかと思ってしまう。
  
",5つ星のうち2.0,9
"







  
  
    「令和のデビルマン」との酷評は全くあたってない
  
","







  
  
    「令和のデビルマン(平成の三次元映画)」とかいう酷評を聞いており、どきどきしながら視聴したが、結果としてはその評価は全然あたっていないと思う(あの映画のずれこけた戦慄はトラウマ級)。もちろん大絶賛するわけではないが、少なくとも狙ったものができていると感じさせており、ではその肝心のセンスはといえば、なかなかなそれなりなのでは。高いお金を払って観た人は肩スカされた感に陥るのもしれないが、アマプラでならちょうどいい、全然オーケーって感じが自分を含め大多数では?
  
",5つ星のうち3.0,9
"







  
  
    邦画は・・・って言われちゃうよ
  
","







  
  
    特撮は他の方が言われているように素晴らしい、俳優陣も悪くない問題は昨今のなろう系小説でも出てこないような稚拙な脚本と昭和感の香る演出、それを良しとする監督とにかく見ててこの先どうなるんだろうと思えるワクワク感が全く無い
  
",5つ星のうち2.0,9
"







  
  
    演出が残念
  
","







  
  
    良い役者さんが多数ですが、演出が残念すぎでした。ギャグも中途半端だし、表現が幼稚。序盤緊張感が無く、テンポが遅いので見る気が失せましたが、なんとか我慢して見続けオダギリジョーが出てきたあたりから見れるようになりました。土屋太鳳の最初の「ご武運を」と最後の「ご武運を」が、感情表現として差があまりなく、というか全体通して感情があまり伝わって来ないというか、覚えたセリフを無難に言っているだけという感じがして感情移入できません。下町ロケットとかだと逆にもっとわかりやすい演技してたと記憶していますが、いったいどっちが本当の土屋太鳳なのか、それともやはり演出が残念すぎてこんな演技になっちゃったんでしょうか。山田涼介の役が中盤で、防護服等無しに膨れ上がった怪獣を棒で突いて破裂するシーンがありましたが、そんな馬鹿が現場責任者になれるんでしょうか？凡人の私でも道の病原菌とか心配するし、他人に感染させることを危惧します。あとラストで山田涼介がああするなら、最初からやれば良いんじゃね？と思いました。☆１個のつもりでしたが、個性派俳優さんたちの演技はおもしろかったので追加１個です。
  
",5つ星のうち2.0,9
"







  
  
    コントなのかシリアスなのかわかりにくい
  
","







  
  
    タイトルからコントを想像して見たけどどうも違う？ありきたりなストーリーでこんなものか・・という感じです。いっそ最初から最後までコントにしちゃえばよかったのに。
  
",5つ星のうち2.0,9
"







  
  
    題材は良かったかもしれないが
  
","







  
  
    題材から考えるにコメディに全振りして内閣のゴタゴタコメディにした方が良かったように思うちょいちょいシリアスだったりするし方向性が定まらん最後までよくわからない映画だった
  
",5つ星のうち2.0,9
"







  
  
    良い悪いではなく、思ってたの違う
  
","







  
  
    先に言っておくと監督や事前情報等をほとんど知らずに観た人間の感想ですタイトルの怪獣と予告から観てみたのだが、シンゴジラのアフター的なものを想像してたらなんか違うのが出てきたというかシンゴジラに乗っかって作った感があり、時期的にシンウルトラマンもあるため同じテイストを期待しているとガッカリ感が半端なく、騙されたとすら感じる自分は開始20分くらいで一旦観るのをやめた男女の絡みに妙に多いキスシーン、下ネタ、正体不明のモノに対してのありえない行動の数々で全体的にギャグテイスト強めで緊張感がない監督から作品の方向性を事前に分かってる人はいいが、庵野監督の特撮を先入観に持ってると何とも言えない気分になる正直、注意喚起が必要な作品だと思った
  
",5つ星のうち2.0,9
"







  
  
    タイトルを聞いてこれは！と思ったが
  
","







  
  
    怪獣映画を別の視点から見た映画でもっと真面目なものかと思った、ウルトラQや初代ウルトラマンのような感じを。でも実際はパロディーで面白いかというとそれ程。◯◯省と◯◯省の管轄とか知らないし興味ない。自衛隊のシーンは無駄遣い。俳優陣は豪華で皆さんきちんと仕事しようとしている姿勢は感じられます。う○こ・ち○こネタでウケを取りにいく時点で児童向け作品。ラストは・・・ダメでしょ！今まで無駄になるじゃないか。
  
",5つ星のうち2.0,9
"







  
  
    着眼点は面白いんだけど…
  
","







  
  
    なんと言うか、結局バカの尻拭いをするだけならば、尻拭いする側もバカに成り下がる…的な茶番劇になってしまう感じのストーリーで、達成感みたいなモノを感じないモヤモヤする映画でした。
  
",5つ星のうち2.0,9
"







  
  
    時効警察 ?
  
","







  
  
    熱海の捜査官や時効警察が苦手な私には苦痛な時間でした。土屋太鳳字ちゃんだけが救いです。
  
",5つ星のうち3.0,5
"







  
  
    アンバランス感覚
  
","







  
  
    キャストは超豪華でストーリーはほぼ虚無に近い。西田敏行、笹野高史、ふせえり以外は普段からコメディをやりなれていないはずなのだが、そのギャップとアンバランスとバカバカしさが面白かった。
  
",5つ星のうち3.0,5
"







  
  
    無
  
","







  
  
    の中の山田涼介
  
",5つ星のうち3.0,5
"







  
  
    おふざけを楽しめるかどうか
  
","







  
  
    内輪ネタの様な蓮舫議員や横山弁護士などニュースネタがふんだんに取り入れられ小馬鹿にする演出が多く、舞台演劇のようなコントが繰り広げられ、子供向け特撮ヒーロー番組の様な科学描写だったりセリフの言い回しが多いです。個人的に最初タイトルを見た時は清掃業の様な方面をリアルに描く映画かと思ってたけれど、単なる怪獣特撮のパロディをふざけ半分にミックスして面白いだろ？と提示された印象でした。アメリカ映画だとホットショットや最終絶叫計画の様なコメディの立ち位置でしょうかね。
  
",5つ星のうち3.0,5
"







  
  
    予算がかかった茶番劇
  
","







  
  
    下ネタやおふざけの茶番劇で終始、豪華キャストと予算の無駄遣いの怪作。
  
",5つ星のうち3.0,5
"







  
  
    現実的な映画化とおもいきや空想科学の特撮で脚本のポイントが定まりきらない半端さが残念。
  
","







  
  
    大怪獣の死骸の処理を現実的なアプローチで対応していくのかと思っていましたが、死体処理も空想科学の延長線でした。俳優陣は豪華ですが、「あとしまつ」自体ではなく周りの登場人物の方にフォーカスされて、「あとしまつ」の方法も半端で最後は　はぁ？　と感じてしまいとても残念な仕上がりでした。ちょっと詰め込みすぎでしょうか。頑張っても星３以上はつけられないと思います。俳優さんの頑張りと特撮を観て、ストーリーは気にしない程度がよいです。
  
",5つ星のうち3.0,5
"







  
  
    普通ですね
  
","







  
  
    営利目的のポジショントークしてる連中が面白くないだのと相当に盛っているだけで普通ですただ寒いだけの時事ネタが全て不愉快なだけこれだけ豪華な俳優陣を使っておいて面白くないわけではないが無難すぎて本当に普通しか出てこない
  
",5つ星のうち3.0,5
"







  
  
    土屋太鳳ちゃんを堪能
  
","







  
  
    好きな女優さんを見られて良かったけど、キスシーンは相手の俳優の希望で入れたような感じに思えたのは私だけでしょうかね。結末は途中で、アラタ隊員、光、謎の影で解っちゃいましたw人類の力でなんとかして欲しかったなあ。
  
",5つ星のうち3.0,5
"







  
  
    間の悪いギャグ演出が面白くない
  
","







  
  
    大ヒットした「シン・ゴジラ」をパロディーにしようとしてるのは分かるが、この劇中のコメディーシーンのギャグ演出の全てが間が悪くてスベってるので、ほとんどのシーンで大した笑いにならずに、むしろ失笑になってる感じです。土屋太鳳さんが主役してたり菊地凛子さんとかも出てたりとかもするので、ある程度の内容やクオリティーは練られた大作なのかと期待もしたが、とにかくギャグの間が悪すぎてB級作品よりも下の雰囲気に感じてしまいました。劇中で土屋太鳳さんが何回もキスシーンをしてるが、こんなダメ演出の安っぽい映画でちょっと気の毒にも感じます。
  
",5つ星のうち2.0,5
"







  
  
    真面目なギャグ映画
  
","







  
  
    公開時からいろいろ酷評されていた作品ですが、全く期待せずに見たらそこまで酷い内容でもなかったです。冒頭で西田敏行が総理大臣なのを見た時点でどういう方向性の映画なのかは大体察しました。
  
",5つ星のうち3.0,5
"







  
  
    良いところは良いだけに
  
","







  
  
    多分多くの人がこの作品に対して「もったいない」という印象を抱くのでは無いかと思います。豪華な俳優陣。派手な演出。特撮用具。いい材料がメッチャそろってる。タイトルの通り、見る前から戦闘メインではなく後処理のお話であるということが説明されずとも誰でも理解できます。テーマ性もタイトルから正確に読み取れるし実際内容にも嘘は無い。だから見始める時に派手な戦闘シーンが無いからといって期待外れになることは決して無い。とてもタイトルが秀逸な作品だなという第一印象を感じました。序盤の雰囲気からしても国家・国民とも軽いノリで怪獣問題をどこか他人事に捉えていることが分かります。誇張されてはいますが実際私たちはこれほどの問題が起きたら問題を押しつけ合うだろうし、誰かが解決してくれることばかりを望むでしょう。それもさっさと解決しろよ、とすら感じるはず。だから社会風刺はとても綺麗に決まっている感じがします。だけど、だからこそもったいない。シン・ゴジラの二番煎じを一見堂々としているわけだけど単純な二番煎じに耐えきれなかったのか挟まるギャグというか下ネタが余分に感じる。意図的な滑り芸なのは分かるんだけど滑り芸は綺麗に決まらないと白けてしまう。綺麗に決まっている場面もところどころあるだけに、かなりもったいない。う○こかゲロかで揉めるのは下らないことで政治家を追求する日本のマスコミを風刺しているところはなるほどなとは思うけど後半になるにつれ下ネタをぶっ込みすぎて冗長的。でも総理大臣役の西田敏行さんを初めとしてベテラン俳優陣のノンビリした演技が秀逸です。この映画の世界観や緊張感を完全にコントロールしているところがハマってて面白い。次から次と怪獣の後始末案が出てきて結構真面目に科学でアプローチしていく様も面白い。たいてい日本の映画は合ってない役者をごり押ししてミスマッチした内容になりがちなのにそれが無いところは好感が持てます。せっかく役者さんたちがミスマッチしてない珍しい映画なのにおふざけのせいでガッカリしてしまう実にもったいない構造。テーマが大人向けなのに小学生向けのギャグで物語を引っ張ってしまうのでチグハグに感じます。テーマをきちんとタイトル通りに進行させていれば素直に楽しめただろうなと感じました。
  
",5つ星のうち4.0,3
"







  
  
    どれだけくそつまらないのか楽しみにしながら見るといい映画
  
","







  
  
    映画が公開されてからすぐにSNSで酷評されていた映画なので、この映画に詳しくない人でも「くそつまらない映画」という情報だけは入ってるはず。いっそのこと、その酷評だけをもって「どれだけつまらないんだ？見てやろうじゃないか！？」というぐらいの意気込みで見ると楽しめる映画。ストーリーのあらすじや製作スタッフが誰でキャスト陣が誰で、なんていう情報も一切頭に入れないほうが楽しめるだろう。ひとつよくわからないのは、なぜあれだけ酷評だったのかということ。「凄い！面白い！」なんて言葉はたしかに出てこない映画だが、そこそこ楽しめる作品だ。この映画よりもっとくそつまらない映画はたくさんあると思うだけに、当時の酷評っぷりは少し不思議。
  
",5つ星のうち3.0,3
"







  
  
    中途半端感がハンパない
  
","







  
  
    コメディは真面目にやるほど面白味が出ると思うのに、一部の俳優がキャラを作り過ぎてて全く笑えない。怪獣の死体処理を現実に当てはめた時のドタバタを真面目に描いてほしかった。
  
",5つ星のうち3.0,3
"







  
  
    疑問は未消化
  
","







  
  
    冒頭部分でオチはわかっていましたが、そういうものだという気持ちで鑑賞。結果、なぜ最初から片付けなかった、という疑問は未消化のまま終了。モヤッとする後味。
  
",5つ星のうち3.0,3
"







  
  
    痛い映画ではある
  
","







  
  
    有名な役者をこんな使い方しちゃダメ・・・の見本のような映画になってしまいましたね。B級映画の発想と脚本に大金かけちゃあかんの見本。誰も幸せになれない系の「へぇ～・・・」とか「ふ～ん・・・」で締めくくる本末転倒な・・・最初から出しとけよ！みたいなエンディングは多くの人をがっかりさせるよな。
  
",5つ星のうち3.0,3
"







  
  
    Ｂ級映画
  
","







  
  
    皆さん総じてぼろくそ書いているけど、これはパロディーだよ。ツッコミどころ満載だし、ＣＧも極めて雑。しかしＢ級パロディー映画と思えば、見れなくもない。
  
",5つ星のうち3.0,3
"







  
  
    ギャグ映画
  
","







  
  
    ギャグ映画としてみるならいいんじゃない。オチはいらないけど
  
",5つ星のうち3.0,3
"







  
  
    まじめに作っていると思います
  
","







  
  
    最後の感想は、「だったら最初から…」でした。まじめにふざけている…でもふざけている所はあまり見せないところがすごい。このキャスティングでこの内容の映画というのがすごい。キャスティングでも☆４つくらい付けてもいいと思います。なのでトータルで☆３つです。政治や権力争いの描写が個人的に好きです。
  
",5つ星のうち3.0,3
"







  
  
    ギャグを飛ばして観ると、けっこう面白い
  
","







  
  
    導入部20分ほどを観てみて、なにが面白いのかさっぱりわからない。なにより政府関係者らが繰り広げるギャグがとにかくつまらない。最後まで観続ける気力が湧かず、途中で止めたままどうしたもんかと少し悩んだが、シークバーにカーソルを合わせると、そのタイミングで再生される画面がサムネイルで表示されるので、政府関係者やらがごちゃごちゃやっている箇所だけすっ飛ばして観てみた。意外なことにけっこう面白いし、イイ話でもあった。省略なしで再度観直そうとは思わないけど。最初の10～20分ほどで、こいつらのギャグが邪魔だなと感じたひとには、以上の視聴方法を提案したい。
  
",5つ星のうち3.0,3
"







  
  
    悪くないとは思う
  
","







  
  
    冒頭からの伏線で結末は予想できるのであとはどうやって魅せて（展開）していくかが、ポイントだったと思うのですが不倫要素や中途半端なコミカルさは不要だったのではないでしょうかクライシスそのものが馬鹿らしい話ではあるが、シンプルにシリアス展開でも良かった気がするしコミカルに振るなら全力でやった方が良かったのではと思うがシン・ウルトラとの差別化、賛否両論のバズりまで考えた結果なのかなとモヤモヤ
  
",5つ星のうち3.0,3
"







  
  
    TV番組の悪い癖を凝縮したような映画
  
","







  
  
    映画と言うよりもテレビ番組に近い、それも一昔前の。「ほーら面白いだろ？」という内輪ノリ風で、別にギャグやらなくてもいい場面で変にコミカルで。かといってシュールギャグってほどではなく、中途半端。何よりシン・ゴジ以降の作品というのがマイナス。シン・ゴジ前だったら「大人向け特撮は今の時代難しいしなあ。笑い取り入れて一般向けに間口広げてやるのはアリかもな」と思えた可能性がある。が、これシン・ゴジ後なのよね…。大人向けでガチで作って何が悪い！なシン・ゴジ、大人向けでエンタメに徹したっていいじゃない！なシン・ウルがある現在では、あらゆる面で中途半端。ただひたすら悪乗りだけが印象に残って寒い。タイミングが悪かったね…。
  
",5つ星のうち2.0,2
"







  
  
    終始楽しめず　虚無感しかない映画
  
","







  
  
    酷評で話題になっていたので、見てみました。同監督のインスタント沼は割と好きだったので、前評判よりは楽しめるのではと思っていましたが・・・見てる間中、終始真顔でクスリともできなかった面白くないにしてもトンデモ感たっぷりだと、ツッコミながら見れたのに、残念ながらそれもなく。ただ虚しくすぎた2時間弱でした。監督の作風と話のスケールが全く噛み合っていない気がする。もっと低予算か半分くらいの時間ならまだ良かったのでは、と思う。あとシン・ゴジラがあったからこそ通った企画だと思うので、言わしてもらえば。シン・ゴジラ前に制作、上映されていたならまだワクワクして見る余地もあったと思うが、後出しなのでそれもなく。更に若干意識しているようなシーンが、悪い意味で気になってモヤモヤ。年始から、限りある人生、時間は大事に使わないとなぁと自分への戒めになりました。あと、倍速で見なかった自分を褒めてあげようと思います。
  
",5つ星のうち2.0,2
"







  
  
    低評価なのがよくわかった
  
","







  
  
    日々怪獣が訪れる日本で、スーパーヒーローが怪獣を倒し颯爽と帰って行く。しかしその後、破壊された町を復興し、怪獣の死骸を片づけるのは日本国民なわけで、作品の着目点は非常に興味深かった。で、観てみたのだが、期待とは大きく外れていて低評価に納得した。俳優陣は三木組。作風も三木節炸裂。これらに耐性がないと厳しいかもしれない。そして何よりも、怪獣の登場があまりにも遅すぎた。シンゴジラのような極めて日本的な展開は、VFXがすぐれていないと成立しない。三木節もまた然り。後半に進むに連れてVFXに力が入っていくものの正直微妙。がんばったとは思うが、ハリウッド映画で目が肥えている観客をうならせるには到底及ばない。日本映画はVFXやめた方がいい。予算が少ないのであれば、ギャラの高いベテラン俳優は起用せず、その費用をCGに回すべき。VFXを舐めてはいけない。さて、時効警察か熱海の捜査官でも観るとするか。
  
",5つ星のうち3.0,2
"







  
  
    題材としては面白い着眼点と思った
  
","







  
  
    公開前は怪獣の後始末は誰がどうやってという観点は面白いと興味深かった。公開直後から酷評されまくりだったので興味を失っていたのだが、プライムになっていたので興味本位で見てみた。結論としては劇場まで足を運んで見たとしたらガッカリ感がすごいだろうなと思った。つまんないギャグも含めて全体的にダラダラした印象。後始末の仕方がダムの放水でとか、焼肉方式で成層圏までとかリアリティがなさ過ぎてなんとも。菌糸がヤバいの知っててありえんだろう。最初から山田涼介が片付けとけばよかったんじゃないの？と思ったが、土屋太鳳の「お別れに来たんだよね？」の通り、次に変身したら人間には戻れなかったのかな？それならあれだけバタバタしたのも納得するが、そもそも倒した時に想像力を働かせて宇宙に持っていきなさいよ。あと冒頭のメモ書きから西田敏行は山田涼介が選ばれし者だという事を知っていたと思われるが、作品中では全く回収されていないのがなんだかなぁ。
  
",5つ星のうち3.0,2
"







  
  
    観客を甘く見たのは良くなかった
  
","







  
  
    この映画の一番の見所である、男女の三角関係が観客に伝わってないから、この映画はまだ正しく評価されていないんだと、監督だかプロデューサーだかが言っていた。いや、そこはこの映画で一番どうでもいい所だから。どうでも良すぎてスルーされてるだけだから。安い恋愛要素なんか入れて面白くなったSFなんか見たことない。この映画は、言われてる程つまらなくはなかったし、恋愛要素なんかに力を入れなければ、それなりに評価されたと思う。無駄に尺が長く感じたのも、そのせいではないだろうか。シリアスとギャグのバランスを考えていたのは伝わったが、前者の大部分を担う恋愛要素があまりにもつまらなかったのが失敗どころで、もっと深い次元での愛情を描けば、主人公の行動に重みが出たし、結局ヒーロー頼みな皮肉さも際立ち、印象も大分違ったものになっただろう。事実ブルースさんはめちゃくちゃ格好良かったし、良作になり得たかも知れない片鱗はいくつか垣間見ることは出来ただけに惜しい。若くても重いものを背負って苦悩している主人公の生き様を表現できていれば、もっとおもしろくなったけど、高校生がちちくり合ってるレベルの恋愛ドラマを見せられても、それは土台無理な話だったよねと。この国の文化として、世の中が古くから安い恋愛ドラマに慣れすぎてるのも悪いと思う。製作者が観客を甘く見すぎるのは、製作者自身の責任か、それとも大衆のせいだろうか。
  
",5つ星のうち3.0,2
"







  
  
    確かに怪獣に襲われたあとの世界て気になるのだが・・・
  
","







  
  
    映像もきれいで俳優も惜しみなく、日本映画として十分な出来です。「シン・ゴジラ」のときに怪獣退治の法的根拠を見つけるのに苦慮して、最終的に害虫駆除として怪を処理したことを思い出します。それで、この映画もその続きとしてみましたが、ウルトラマンというファンタジーとして見いれば感情移入しやすかったのですが、この映画はこのことをずっど最後まで引っ張っていて、結局最後までのめりこめなかったです。
  
",5つ星のうち3.0,2
"







  
  
    カネをかけた、かけまくったB級映画
  
","







  
  
    ジャニタレに豪華有名俳優陣、松竹・東映という巨大配給。高尚な作品を期待した方々、ご愁傷さまでした。この手の作品ならリバートップの河崎実カントクだったらもっとくだらないほどに面白く調理してくれる。三木聡もなかなかの経歴の持ち主ではあるがくだらなおもしろさに特化できていない分河崎カントクには及ばない。とりあえず感想としては蓮佛だけは面白かった。嫁の調理はうまいようだ。
  
",5つ星のうち3.0,2
"







  
  
    う～ん、なんとも難しい
  
","







  
  
    短い中に詰め込もうとしているからか、やたら説明的な表現がなく、ほとんど富野構文のようになっていてわかりにくい。隣国が「ただうるさい文句言ってるだけの隣人」として表現されているのは共感できるけど。
  
",5つ星のうち3.0,2
"







  
  
    題材が勿体ない
  
","







  
  
    既に様々なメディアで酷評レビューを観ているのでかなりハードルを下げていたおかげか、わりと楽しく見れてしまいました。しかしながらシンゴジラ的な内容を期待してお金払って劇場で見てしまったら、やはりガッカリしたでしょうね。題材が良いだけに、それをネタ映画で消費してしまったのが日本映画会としての大損失でしたね。同じテーマで、連続ドラマとしても成り立つ題材だと思うだけに非常に残念です。
  
",5つ星のうち3.0,2
"







  
  
    言われるほど悪くない
  
","







  
  
    タイトルや予告で期待しすぎる感はあるかも。ひねりのない処理方法しか出てこないが、むしろリアルな気もする。震災時の原発がオマージュされてるように感じた。当事者ならどう思うだろうか？ちょいちょい挟まる某国の反応も、実際に近いように思える。やたらキスする場面が訳わからない。総じて、一度だけ観てみるのは悪くないです。
  
",5つ星のうち3.0,2
"







  
  
    意外に良かったです
  
","







  
  
    公開時は酷評だったのと、近年はギャグが滑り気味な三木聡監督なので、まったく期待しないで見ましたが意外に良かったです。あいかわらず単調な演技の山田涼介ですが、いつもと違う冷徹なキャラの濱田岳とオダギリジョーをはじめ芸達者な共演者に救われました。なんだこりゃのラストですが、あれが無くても作戦はその手前で成功していたので最後にかましたボケということで私としては許容範囲内でした。会議室で争いをする政治家たちとの対比で、現場でがんばる人たちが美しい。
  
",5つ星のうち4.0,16
"







  
  
    人智を超えた映画
  
","







  
  
    【ネタばれ】　怪人と戦うのは基本的に仮面ライダー一人　　怪獣と戦うのはまずは人間　そして人間ではどうしようもなくなった時　ウルトラマンが現れて怪獣をやっつける。　観ている子供達はウルトラマンの登場を今か今かと待っているが　なかなかヒーローは出てこない。さんざんじらして　最高のシチュエーションでさっそうと現れ　怪獣退治。出番はわずか３分　それでも　子供たちは救世主の勝利に大満足。　こう言う観点でもう一度観てみます。
  
",5つ星のうち4.0,16
"







  
  
    シンなんとかより楽しめた
  
","







  
  
    評判悪かったので興味が有った。自分の様に、ちょっとひねた性格の人なら合うのかも。見応えあり。
  
",5つ星のうち4.0,16
"







  
  
    リアリティがあります（笑）
  
","







  
  
    CGが良ければなあ
  
",5つ星のうち4.0,16
"







  
  
    え？
  
","







  
  
    俳優の無駄遣いかな😅ギャグにすれば良かったのに...
  
",5つ星のうち2.0,16
"







  
  
    特撮のパロディとしては秀作だとおもいます
  
","







  
  
    興行でこけたのは、この映画が特撮映画のパロディであり、ギャグである事を一切伏せたため。シン・ゴジラを期待して、お金を出して映画館でこれを見せられたら、そりゃ「詐欺だっ！」って、私でも怒るでしょうね（笑）。最後が気に入らないって評価してる人もいるようですが、日本の特撮を語る上で、ゴジラ、ガメラ、そして巨大ヒーロー物を避けて通る事は出来ないので、怪獣対策専従のチームのメインキャラクターがああなるのは、むしろ必然だと思うんだけどなぁ。最後の最後に、ちゃんと予算半額でラメガを取るぞ～って落ち迄ついてるんだもんね。ちょっと、下ネタが子供に見せにくくなっちゃってるんで、星は一つ引いておきますが、そもそもこの映画、お子様が見ても何をちゃかしているのかよく分からないんじゃないのかな。
  
",5つ星のうち4.0,16
"







  
  
    シン・ゴジラをパロったウルトラマン？
  
","







  
  
    庵野秀明や樋口真嗣のテイストがなかなかのモノです
  
",5つ星のうち4.0,16
"







  
  
    評判悪かったけど
  
","







  
  
    amazone　primeで。公開時、評判悪かったけどそういう先入観で見ていたらおもしろい！確かに政治家たちの低レベルなギャグは有りますが、あれはあの年齢なら普通なので違和感無し。ラストは・・・それでいいか。
  
",5つ星のうち4.0,16
"







  
  
    子どもと見る映画じゃないかも…
  
","







  
  
    強烈な風刺、パロディ映画と思って見れば、面白いかもしれません…俳優陣が豪華なのが更にカオス。下ネタが強烈だよーwwwこれはヒーローの前日譚なのか…!!!!?
  
",5つ星のうち4.0,16
"







  
  
    ヒトの手に余る存在を、誰が後始末するのか？
  
","







  
  
    シン・ゴジラがすでに公開されていたことから同系の作品を期待されていた方も多いようですが、一致団結して脅威に立ち向かうシン・ゴジラと異なり本作は責任逃れと自分の利益のために争う省庁に振り回される現場を過剰な悪ノリで皮肉たっぷりにコミカルに描いた作品です。基本は馬鹿馬鹿しいやり取りに終始しながらも、唐突な展開ながらもすべての伏線を回収するラストシーンは美しく、主人公視点で何がしたかったのかを考えながら見直すとまた違った見え方がして楽しい。怪獣映画のパロディとしてよく出来た作品だと思います。
  
",5つ星のうち4.0,16
"







  
  
    怪獣映画としてみなければ問題ない（タイトル的にそれは無理だが）
  
","







  
  
    ・糞みたいに寒いギャグ・取ってつけたような恋愛要素・緊張感の欠片も感じない演技・手抜きにも程があるCG・所々に他作品をばかにするようなオマージュ反シン・ゴジラを意識してるのか、権力を徹底的に矮小化することに力を入れすぎた感があるテーマは非常に気になるところだったので期待していたため、非常に残念
  
",5つ星のうち2.0,6
"







  
  
    発想は良いがシナリオと演出が半端なくダメ
  
","







  
  
    まずこのシナリオと演出で2時間近く見せられるのが苦痛である監督が面白いと思ったであろう唐突な下ネタぶっこみが意味不明である要は日本政府が面倒くさがって対応を雑にしていると次々と問題が起こりと言う政府を揶揄するような表現をこれでもかと言うくらいシナリオに入れているのだがそれがはっきり言ってつまらないそして何よりデウスエクスマキナと言う所謂神を最後の最後に出すのだがウルトラマンのような怪獣を持ち上げて宇宙に持ち帰ると言うような使い方をしているのが不可解実はこの映画、コメディに分類されているんですが2時間もわけのわからんものを見せられて全く面白くないと言う結論に至りますよって☆2です
  
",5つ星のうち2.0,6
"







  
  
    評判通りの迷作
  
","







  
  
    特撮は良かった。俳優の演技も上質。邦画特有の大袈裟な舞台芝居が多いのでかなり好みは分かれるだろうが。脚本は、コメディとしては力不足。ユーモアのセンスが相当古いので20世紀中に公開していればもう少しうけたかも。シナリオにひねりがなくオチも弱い。ここまでひどい状態なのに封切されてしまったのは、誰も止める人がいなかったからだろう。高級な海と山の幸をふんだんに使った和風御膳…をまぜこぜにして半分だけ質の悪い油で揚げたジャンクフードのような映画だった。悪い意味での話題作なので是非とも視聴をお勧めする。
  
",5つ星のうち2.0,6
"







  
  
    時間の無駄
  
","







  
  
    真面目に見る映画ではない全体的にコメディ要素が強く、はは、馬鹿いってるなぁ、んなわけあるかい！と突っ込みながら見れる人ならそれなりに楽しめる可能性もあるけど、ギャグも古臭い小学生の下ネタみたいのが多く、下品低予算、ジャニ、説明口調のセリフ過多と、全体に日本映画の悪い所を寄せ集めた感じで、時間の無駄になる役者は仕事を一生懸命したと思うので、☆２にしたけど、これ見るなら他にいくらでもいい映画はありますよ
  
",5つ星のうち2.0,6
"







  
  
    シン・ゴジラ枠で2匹目のドジョウを狙ったのかな？
  
","







  
  
    着眼点だけは良かったと思う政治ネタや下ネタは減らして、ギャグに振り切ってくれれば評価は違ったかもしれないシン・ゴジラは庵野秀明が手掛けたからこそ、あのノリ、テンポを楽しめたようなものでこの作品では厳しいと感じた
  
",5つ星のうち2.0,6
"







  
  
    土屋太鳳は綺麗
  
","







  
  
    シン・ウルトラマンのくだらないギャグ版かな。深夜に珈琲を飲みながら観たから、テンションが高めだったからか、くだらないギャグに何度かは吹き出した。異性と観ていたら、ギャグと下ネタで気まずい雰囲気になるだろう。
  
",5つ星のうち2.0,6
"







  
  
    最後は打ち切り漫画みたくごり押し
  
","







  
  
    ベースとなる現象の考察とかあまりできていない上、何気にネタ下品。最後の影は〇ルトラマンかよといった感じ、正直あんまりでき良く無い様に思えました。そもそも論言えば、最後があれなら怪獣倒した時にやったよなって。見終わって思う、始まる前に終わってるネタかな。
  
",5つ星のうち2.0,6
"







  
  
    何がしたいのかわからない作品
  
","







  
  
    一言で表すなら「半端」です。ギャグとするなら被害設定がハード過ぎ、シリアスとするには冗談を交え過ぎで何をしたかったのか分からない。作風が斜に構えてるのでシュールな笑いすら起こりません。スタッフが可哀想だ。映像が綺麗なので余計にそう感じます。ちゃんと作ればちゃんと面白い作品になるテーマだと思うのですが……
  
",5つ星のうち2.0,6
"







  
  
    タイトルで期待してしまった
  
","







  
  
    独特の世界観の作品を撮られている監督さんなのもあってその方が怪獣を扱うならきっと面白い内容に違いないとかなり期待しすぎてしまいました。つまらないと言い切れるほど悪い作品ではないと思いましたが自分には面白さが汲み取りきれませんでした。
  
",5つ星のうち2.0,6
"







  
  
    嶋田久作はよかった
  
","







  
  
    テーマはいいのに、ストーリーがそれを台無しにするパターン。出オチだけで、５秒後からはまったく面白くないコントみたい。そんな中、嶋田久作は本当にいい味出してていいなあ。帝都物語で鮮烈なデビューをした当時は、その配役の強烈さと個性的なルックスで、ほかの役はできないんじゃないかと勝手に心配してたけど、年齢を重ねて、セリフ無しで場の空気を変える役者さんになってる。
  
",5つ星のうち2.0,6
"







  
  
    ギャグ映画だと思う
  
","







  
  
    もうちょっとハチャメチャでも良かったのかな。パロディ要素も感じたので銀魂くらい攻めてくれると観てる方もわかりやすいかと。
  
",5つ星のうち2.0,19
"







  
  
    思ってた内容との誤差がありましたが
  
","







  
  
    西田敏行さんの演技が良かったです。
  
",5つ星のうち2.0,19
"







  
  
    大怪獣のあとしまつ
  
","







  
  
    パロディーが決まってない。
  
",5つ星のうち2.0,19
"







  
  
    内容がお粗末
  
","







  
  
    怪獣映画だと思って見に行ったらがっかりする もう少し内容がある映画だったら良かったのに残念
  
",5つ星のうち2.0,19
"







  
  
    劇場に行けなかった
  
","







  
  
    映画館で観たかったが上映終了してしまっていたのでプライムで探してヒットしたので視聴しました。予告を見ていた映画だったので期待してみましたが怪獣はすこしチープであった。
  
",5つ星のうち3.0,19
"







  
  
    コントとして観た方がよい
  
","







  
  
    怪獣の解体処分、興味ありますよね。内容はコミカルで面白いですが、ネタバレになりますので詳細は省きますが、最後の怪獣の処分方法の描き方に疑問がある。セブンセブンセブン
  
",5つ星のうち3.0,19
"







  
  
    ガッカリ
  
","







  
  
    出演者がすごいのに、内容は…とてもガッカリしました。
  
",5つ星のうち2.0,19
"







  
  
    やっぱり、でもいいのかな？
  
","







  
  
    ストーリーが進むにつれ、あれ？これなんか過去に見た事あるぞ！　って展開に！昭和中盤生まれの方なら同じ気持ちになると思いますが、最終的にはやっぱりね！でも、それでいいのか？　って、思ってしまいましたね。でも、映画自体はギャグ要素満載で楽しめました。レンタル代の価値は楽しめると思います。（あくまで個人の感想です）
  
",5つ星のうち4.0,19
"







  
  
    シリアスに作ればヒットしたかもw
  
","







  
  
    悪趣味なギャグが見る気を無くします。最初と最後の10分ずつ見れば時短で見た気になりオチも判るのでオススメです。
  
",5つ星のうち2.0,19
"







  
  
    苦痛
  
","







  
  
    ストーリー的には悪くなかった気がするんです。ただ、見る前に事前情報を得ていたギャグ予想以上に寒い。見始めはちょっとの違和感。連続で寒いギャグは続き「またか。」とうんざり。1時間過ぎた頃にはこれが後、半分続くのか苦痛に変わります。これをやらされる俳優さん達も辛かろうと同情を禁じ得ず。最後に「予算半分で第2弾」と告知が出て、予算半分の方が逆にまとまるんじゃないかな？と一瞬期待して、見直してみたら、どんな形であれ2度とみたくないという気持ちになりました。見てる途中からコーラとピザがなくなって、家の掃除をしながら見たので、☆1をつけるのはフェアじゃないと思い、☆2にします。
  
",5つ星のうち2.0,19
"







  
  
    普通に楽しめた
  
","







  
  
    普通にネットとかしてるとオチが情報として目に入ってきてしまうのです。最後の大オチを知ってしまっていたのですが結構グッと来ましたよ。大臣連中のすっとぼけ方とか後始末方法の試行錯誤も普通に楽しめました。庵野の映画とか菊地凛子とか知っている人ならさらに楽しめるはず
  
",5つ星のうち5.0,26
"







  
  
    テーマや着眼点は興味深いが、内容はイマイチ。コメディとしてもスベってる
  
","







  
  
    大きな敵と戦う作品では語られないその後に目を向けるのは良いと思う。しかし、コメディ路線でいくにしてももう少しやりようがなかったのかなというところ。軽いノリで進める場面ばかり。閣議の様子もそうだが、大真面目な顔でシリアスに笑いなくバカなことを議論したり討論したり議決するから面白いところを、全部コメディありきでやっている。緊張と緩和がないので、にぎやかがダラダラ続いて笑うところはない。セリフのセンス無さも酷い。笑わせようとして選んだ言葉でだだすべり。セット、舞台装置がどれもとても安っぽくてセンスが悪く、ありものを持ってきた車や航空機等との対比で浮きまくり。演者は求められることをやっているんだろうけど、全員が舞台でコントをやっているようにしか見えない。脚本、演出、監督の指揮がすべて悪い方にバッチリ嚙み合った豪華キャストの駄作。企画倒れ、うすら寒い自己満失敗コメディ、お金払ってまで観るようなものではない。
  
",5つ星のうち1.0,26
"







  
  
    予算をかけた出来の悪い学芸会
  
","







  
  
    邦画の悪い部分が全部出てしまってる・笑えもしない下品なだけの下ネタ・寒い風刺ギャグ・議会のわちゃわちゃノイズ・恋愛・緊急時にも人をハメる事しか考えてない嫌な奴『怪獣のあとしまつを真面目に考察する映画』ではない時点で期待ハズレも甚だしい当時映画館へ見に行こうとしていたが、あまりにも酷評だらけで尻込みしたがどうやらその判断は間違っていなかったようだ
  
",5つ星のうち1.0,26
"







  
  
    なかなか辛辣ｗ
  
","







  
  
    もしホントに怪獣の後始末をする事になったら、行政と迷惑な隣国が起こすであろう行為を丁寧に「ホントにこの馬鹿どもはどーしようもないね」って描いていて痛快ｗｗｗ
  
",5つ星のうち5.0,26
"







  
  
    見なくてイイ映画≒邦画
  
","







  
  
    面白くない笑えない感動しない興奮しない意味不明見る価値無い所詮。邦画。学生の映画同好会でもここまでの低レベル映画は作らないとにかく酷い
  
",5つ星のうち1.0,26
"







  
  
    センスが悪く、日本映画の悪い所が凝縮
  
","







  
  
    俳優陣はとても素晴らしい。演技もそれぞれ良い。スタッフを悪くない。でも、皆さんの多くの意見通りです。監督、脚本にそもそもセンスがない。くっだらない頭の悪いギャグとシモネタが癇に障りました。題材は素晴らしいのに、もったいない。こういうのは、真面目にやればやるほどどツボにハマっていく王道を行くべきでは？と思うんですけどね。
  
",5つ星のうち1.0,26
"







  
  
    視聴者をナメている映画
  
","







  
  
    「この映画、面白いやろ？ 俺天才やん？」みたいな雰囲気が全体的に漂っています。誰を対象にしたいのか分からない、緊急地震速報のアラートを茶化した品性のない笑い。下品な台詞に下ネタの天丼。雑な伏線に、各シーンが意味なく繋がって「その後どうなったのか」が分からない進行。何から何まで視聴者をナメた作りをしていて、監督や脚本、プロデューサー陣は「僕の言いたいこと分かるでしょ？ ユーモアセンス凄いでしょ？ いや分かんないかなぁ～これくらい分かってくれると思ったのにな(笑)」と言いたいんだろうな……と実感しました。おまけに後からインタビュー記事で「伝わると思ったのに伝わらなかった」と責任転嫁。視聴者をナメるなよ。そんな映画です。わざわざ傷つきに行かなくていい。
  
",5つ星のうち1.0,26
"







  
  
    聞きしに勝る醜悪さ。
  
","







  
  
    劇場公開当初から、悪評は耳にしていたが、噂に違わぬ愚作。映画、映像作品については、「誰に見せたいか」というある種のターゲットを設定することが、良作である一つの条件であると思う。逆に、そのターゲットが制作陣自身に向いた作品は、100％駄作となると言えるだろう。もちろん、この作品は後者である。作品に登場する演者のファンでない限り、星３つ以上の評価は得られないであろうと思う。昨今、SNSで炎上商法なるものが横行しているが、この映画は、その手法により興行収入を稼いだだけと言わざるを得ない。
  
",5つ星のうち1.0,26
"







  
  
    つまんねええええええええええ
  
","







  
  
    前評判でいろいろあった映画なのである意味楽しみでした。わたし怪獣大好きなのですどんなに酷くても怪獣でてればニッコリなのですが、これは凄まじいですね良いところが何一つありません。何が酷いってシンプルにつまらないので、酷さを楽しめるものでもないところです。シンゴジラやGM2あたりがなんで面白いのかを勘違いしてますね。最近のこの手の邦画って政治家を無能に描きたがりますけど、少なくとも映画作ってる人よりは優秀だと思いますよ。そういうのが受けるんでしょうかねー。無能の描き方もお粗末でしたが。役者さんベテラン多いので、撮影中にこれはつまらない！と思ったと思うのです。それでも演じ切るのは感心しました。あと、令和のデビルマンって言われてましたけど、言ってる人の何人がデビルマン見たのでしょう？あれは評価できるところがありますよ。役者が酷いだけです。本作とは逆です。
  
",5つ星のうち1.0,26
"







  
  
    映画館で見たかった
  
","







  
  
    そして上映終了後の場の空気感を味わいたかった。内容？くそつまんないです。あと山田君なんで右から殴られて左側に倒れ込んだの？笑いが欲しけりゃ本気で撮れよ。
  
",5つ星のうち1.0,26
"







  
  
    なんだかなぁ・・・
  
","







  
  
    もう少し捻りがあると良かった、かな？
  
",5つ星のうち3.0,13
"







  
  
    言われてるほど悪くない
  
","







  
  
    悪評がすごすぎて、時間の無駄もなあと思っていたが、豪華俳優陣の勢いで、最後まで見ました。とくに問題になってる、特撮が荒い→見せすぎだねオヤジギャグ→昭和を感じるし、あれは個性？シンゴジラのパロディ→そうなの？ま、いいんじゃないのってレベルでした。最後の最後までただの怪獣映画だと思っていたけど、最後のあれは、絶対あれだよねとか思いながら、ラストシーンの、土屋太鳳の敬礼はジーンきたよ。
  
",5つ星のうち4.0,13
"







  
  
    ある意味でおもしろい
  
","







  
  
    勧められて観たが、感想が出てこない。おもしろいような気もするし、まったくおもしろくない気もする。不思議な作品である。
  
",5つ星のうち3.0,13
"







  
  
    怪獣モノのっぽいが、怪獣モノではない
  
","







  
  
    令和のデビルマンと言われたり、変にメロドラマ混ぜてくるとか聞いていたので期待値を下げ、怖いものみたさで見たせいか、思ったよりも楽しんでしまった。確かに下ネタや蛇足も多いが、今の政治への皮肉、〇国の高速手のひら返しなど伝わる人には伝わる、といった所だろう。しかし、コレは怪獣モノではない。それを求めるなら、おとなしくゴジラを見たほうがいいだろう。
  
",5つ星のうち4.0,13
"







  
  
    ここから面白くなりそう！な雰囲気が最後まで続く映画ｗ
  
","







  
  
    タイトルから察するにコンセプトは面白そう！と思って映画館に足を運ぼうとしたものの、すぐさまSNSで酷評されてたので見るのをやめた映画。見た感想としてはまず、シンゴジラを多分に意識したようなやり取りやシチュエーションがあちこちに。でもシンゴジとは違う独特なセリフ回しが急に入り、所々「へ？」って感じになります。そして「それ必要か？」と感じずにはいられない、やけに絡みつく恋愛模様と無駄に多いキスシーン。シンゴジの雰囲気を出そうとして出しきれず、パロディをやろうとしてもキレ悪く・・・で終始してしまった映画でした。オチは結構好きなんですけど、もうちょっと説明してくれんとこれじゃ投げっぱなしって感じかな。
  
",5つ星のうち4.0,13
"







  
  
    デウスエクスマキナ
  
","







  
  
    気楽に観られた。役者が素晴らしくて、真顔でう〇ことかゲ〇とか言い合っている低俗ささえクスッと笑わされた。私情や世間、こんがらがった全ての事柄を、最後に「神」を登場させて収拾させることを「デウスエクスマキナ」という。序盤に首相の机の上にあったメモが、結末を物語っていた。光の国から来た巨人の影が出てくるまでは、本当に楽しめた。ヒロインの最後のセリフが納得いかないので☆-1。
  
",5つ星のうち4.0,13
"







  
  
    うーん...
  
","







  
  
    家で見たのでまぁこんなものかなと。映画館だったら少しがっかりしたかも。
  
",5つ星のうち3.0,13
"







  
  
    政治コメディ
  
","







  
  
    全体的にシニカル、サーカズム、アイロニー、ブラックジョークにまみれている作品ですので観る人を選びます怪獣は単なる”喩え”のようなもので、様々な国家が抱える問題に置き換えてもほとんど同じ映画になるはず個人的には爆笑してしまった部分もありこういうのは嫌いではない、ただ後半は冗長かつ雑に感じてしまった・・・残念
  
",5つ星のうち4.0,13
"







  
  
    ドリフです　映画に何かを求める人には不向き
  
","







  
  
    一言で言えば「ドリフのコント」というのがこの映画シュールに色々なネタを散りばめるが、最後に一言「駄目だこりゃ」で強制エンディングになって全部終わるドリフの形式美に沿った映画適当にダラダラ見るならアリ
  
",5つ星のうち4.0,13
"







  
  
    役者さんは演技も凄いのですが、いまいち感情移入できなかった
  
","







  
  
    出演された役者さん達は凄いのですが、脚本が中途半端な感じでした。ギャグにしたいのかシリアスな作品にしたいのか？見る前は今までなかった新しい発想で期待していましたが、題材を生かしきれていない気がします。
  
",5つ星のうち2.0,13
"







  
  
    人間は自分が思っているほど御大層な存在じゃない
  
","







  
  
    駄作との評価も多いが、決して駄作ではないと思う。観た後、確かに何かが残る映画だ。だけど、その残ったものが何かを言語化することが難しい。　この映画ではとにかく人間が無力だ。無力なだけでなく、国内外の海外の政治家、怪獣の死体処理にあたる自衛隊や官僚、マスメディア、一般人も等しく愚かな姿をさらす。意味不明なセリフ回しや、とってつけたようなラブシーンが織り込まれる。また主導権争いが繰り広げられ、作戦の失敗を確定づけられる現場。最後の最後。人知を超えた力で死体は処理される。結局怪獣を倒すことも、その死体の処理すらも満足にできなかった人間。それらすべてが「人は自分が思っているほど御大層な存在じゃない」というメッセージなのかもしれない。　とにかく徹頭徹尾、人間の無力さと愚かさを描いていくことに主眼を置いたような映画だ。大怪獣の対戦によって人々が成長していく姿を描いた「シン・ゴジラ」の真逆の世界の映画、といえるかもしれない。
  
",5つ星のうち4.0,14
"







  
  
    ブルースのシーンが良かった
  
","







  
  
    三木監督作品の不思議な出で立ちの登場人物や、遊び心があるセット、美術が好きなのでオダギリ ジョーさん扮するブルースの登場シーンが良かったです！以下個人的な願望ですが、同監督作品の「俺俺」「インスタント沼」「亀は意外と速く泳ぐ」等の日常の中に非日常が紛れ込んでくるストーリーが好きなので、またそういう作品が観たいです。
  
",5つ星のうち3.0,14
"







  
  
    ぶっちゃけ
  
","







  
  
    わりと面白かった万人受けはしなさそうだしツッコミどころも多いし途中グダグダな部分があったとは思うけど言われてたほど酷くはなかったしあの酷評はなんだったんだ？と思う逆に「え？こんなありふれた内容のもんが？」ってモノが大ヒットしてたりもするし映画のヒットや高評価の傾向って正直よく分からないっすね（自分がズレてるのかもしれないけど(^_^;)個人的な感想としては「これはこれでアリ」でした。
  
",5つ星のうち4.0,14
"







  
  
    最後まで見ちゃった(笑)
  
","







  
  
    こんなにくだらないことを、くそ真面目に演出して、皆さんくそ真面目に演技してる。普通はシンゴジラのように怪獣が出現し、どうやって退治するかがよくあるストーリーですが、退治した後から始まる。個人的な感想ですが、そんな中に今の日本の政治や官僚主義の縦割りを、ジョークで痛烈に批判する意図を感じたのですが、皆さんいかがでしょうか。本当に無意味な映画なら、5分か10分で止めますが、苦笑しながら最後まで見てしまった。ある意味面白い映画だったのかもしれません。あともう一つ、下町ロケット以来の土屋太鳳のファンだったからかもです。
  
",5つ星のうち4.0,14
"







  
  
    面白かったです
  
","







  
  
    奇想天外な発想で面白かったです
  
",5つ星のうち4.0,14
"







  
  
    オチはね　映画の始まる前に松竹、東映ってなった瞬間に気付いちゃいました。（自慢気）
  
","







  
  
    こういう映画は評価されにくいよねぇすっごい面白いんだけどねぇ三木聡監督邦画界にとんでもない爪痕残しましたね（笑）もちろんいい意味で！おススメです。キャストだけでも見ごたえあるよ！肩ひじ張らずにリラックスして観ましょう。面白かったです。
  
",5つ星のうち4.0,14
"







  
  
    さんざん酷評されていたのでハードル下がりまくった状態で視聴
  
","







  
  
    ハードルは地面にめり込んでいる状態で視聴、それでも3回に分けてやっと見終えることができました。２回中断した時点（ちょうど半分ぐらいの所）でもう放置しようと思っていたのですが偶然、みうらじゅんさんの「修行映画」という概念を知り３回目からは楽しく見ることができました。個人的には2MBの画像ファイルをアップロードするのにまぁまぁ時間かかってたのがジワリました。あと国防大臣の謎のたとえ話（ドン引き下ネタもあり）も嫌いじゃないです、まぁ笑えないけど。最終的な片付け方に不満のある方もいるかもしれませんが、そこは水戸黄門に最初から印籠を首から下げて水戸光圀というのぼりを持って旅をしろというようなものかなと、そこを突っ込んだら負けと思います。これは東映と松竹からの入門用修行映画作品なんだと思えばまた見ても良いかなと個人的には思いました、再視聴するのは何年先かわかりませんが。
  
",5つ星のうち4.0,14
"







  
  
    つまらないけども、
  
","







  
  
    脚本が古いというか、80年代～サブカル系の演劇テイストで（たぶんシティボーイズとかのシナリオ作ってた人じゃない？？）でそういうのが好きな50代の人には合うのかもしれません。名古屋市長が金メダルかじったみたいな「こういうのが面白いだろ」という老害感、世代的なギャップを感じます。でもこれ余計なギャグ（というか不毛な会話のやり取り）シーンを全部カットして、シンプルに怪獣の死体処理だけのドキュメンタリーみたく編集したら面白くなりそうじゃないですかね。VFXは好き。
  
",5つ星のうち4.0,14
"







  
  
    こういう映画だと思って観てほしい
  
","







  
  
    真面目に良い映画を作ろうとして滑った映画よりも、はじめから真面目にこういう方向を狙って仕上げた映画なのだから何を求めて観るのかによると思う。コーラをイメージして牛乳を飲むからそのギャップに違和感を覚えるだけで、初めからこれはコーラじゃない、牛乳なんだ。と思って飲めば美味しく飲めるでしょうと。キャストが結構はまってるし全体的にイイ感じなんだけど、テンポがちょっとダルなのと太鳳ちゃんにもう少し癖のある使い方が出来れば良かった気がする。
  
",5つ星のうち4.0,14
"







  
  
    松竹の怪獣映画を知ってる人なら許せるが、それ以外の人には無理な映画（褒め言葉）
  
","







  
  
    松竹の迷作怪獣映画「大怪獣東京に現れる」を楽しめる人（自分）には楽しめる作品である。怪獣プロレス系のものが好きな人には絶対オススメしない（確信）例えて言えばプロレス観戦でリング上の試合より、それを見て興奮して泡を吹いたり、唾を飛ばし合って殴り合う観客同士のいざこざを見て腹を抱えて大笑いする人には絶対オススメできる。しかしそんなもの好きな客が興行的にスクリーンに足を運ぶかといえば否と断言できる。キングオブモンスターやゴジラVSコングが好きな人には絶対ムリな作品である。
  
",5つ星のうち4.0,14
"







  
  
    三木聡ワールド全開
  
","







  
  
    おもしろい！アイドル映画だと思ってる人は見ないでね。怪獣物でも恋愛物でも感動お涙物でもないよ。三木聡ワールド物。
  
",5つ星のうち4.0,22
"







  
  
    子供たちに《ばかうけ》
  
","







  
  
    小5の男の子と、小4の女の子と観てたのですが、メチャメチャ・ウケてました。だいたいに子供は《うんこネタ》大好き！！お姫様キャラの土屋太鳳ちゃんに王子様は山田涼介君！！2人のキスシーンに、あんぐり！！（男の子、目が点でした！！)太鳳ちゃんと濱田岳のキスシーンにキャァーッ、ヤメテ！！（女の子)と盛り上がりました。軍隊とか見るの初めてなので、特務隊と国防軍のユニフォームとか戦車とか珍しい。それに俳優のリアクションがオーバーでセリフまわしも大げさで笑える！大体に戦争中の日本ってのが、最近はなんかリアルでしょ！！総理大臣の西田敏行、環境大臣のふせえり、六角精児、極め付けは、オダギリジョー！！見ただけで可笑しいのだ。内容は戦隊アクション。怪獣の死後処理に目を付けたのは、お目が高い！！怪獣の死体の後片付けに目を付けた人は、今まで誰一人として居ないのだから・・・。ラストもお子様向けにせず、真っ向から立ち向かっていたら、大人も喜んだと思う。ちょっと思ったのだけれど、大怪獣の全長380メートル→東京ドームの1・5倍．大怪獣の全高155メートル→通天閣の1・５倍！！そんなもんダイナマイトで吹っ飛ばせば、イチコロ・・・と、思う！！
  
",5つ星のうち4.0,22
"







  
  
    何がひどいってオチが酷すぎる。
  
","







  
  
    何がひどいってオチが酷すぎる。着眼点はよかった。巨大怪獣の死骸をどう処理するのか。誰もが一度は考えたことあることだと思う。特に近年はシン・ゴジラで人間が巨大怪獣と対峙し大ヒットした。その前振りがあるから、シン・ゴジラのその後の世界のようなポジションがとれる。だが、本作のストーリーは語りたくもないレベルで酷い。リアリティのかけらもない政治コメディ。無駄な規律ばかりの実力組織。まぁそこまでは百歩譲って目をつむるとしても、オチが酷すぎる。ネタバレになるので多くは語らないが、シン・ゴジラのその後ではなくむしろ、シン・ウルトラマンのその後の方だった。なので、最初から解決策は用意されており、ミスリード的に視聴者が知らされていないだけだった。シン・ウルトラマン側の設定だと知っていれば誰も興味がわかないだろうし、劇場で見た人はおそらく金返せレベルの詐欺映画だと思ったことだろう。
  
",5つ星のうち1.0,22
"







  
  
    恥知らずな作品
  
","







  
  
    私はこの世の終わりだと感じた映画として実写版「デビルマン」を心に刻んでいました。そしてそれは私のアカウント名にすらなっているのですが、この作品はこの世の終わりの崩壊音すら立てず、その先の虚無でありました。この作品は、恥知らずによりもたらされる虚無です。どこが酷いとかそういう段階にない作品でありますが、特に酷いところを参考までに挙げていきます。・開幕1分から席を立ちたくなるようなセンス皆無の導入シーン・鳥肌が立つほどセンスのないギャグやコメディ・呆れるほど幼稚で冗長な政治風刺・怪獣のパクりとオチのパクり・CGの手抜き感などなどキリがないのですが、あのデビルマンもCGは本気で作られていて唯一ボブ・サップと共に評価されていたのに、こいつはCGもボンクラ。悲しいことに俳優陣は有名どころが揃っているのにもかかわらず、脚本が虚無すぎて演技が浮ついています。脚本を読んで、どう考えても面白くない作品になることがわかると演技に本腰が入らないのでしょうか。観ているこちらも面白くなさ過ぎて、たまに一生懸命な演技をする俳優さんを見ると胸が痛むというか「もうやめてくれ、この映画はどうがんばっても良くならないんだ苦しい」という気持ちになりました。デビルマンはまだネタにできますが、こいつはネタに出来ない。政治、宗教、野球の話はするなと言いますが、そこに大怪獣のあとしまつの話はするなも付け加えたほうが良いでしょう。
  
",5つ星のうち1.0,22
"







  
  
    何の教訓にもならない。ダメな映画の例として挙げられない酷さ。
  
","







  
  
    良い点・怪獣退治の事後処理というモチーフ。悪い点・ギャグにもシリアスにも振り切れない優柔不断な演出。・登場人物の非合理的で不自然な行動や意味不明なキスシーンなど、物語に集中できなくなるノイズが頻出する。・物語が常に盛り上がらない。盛り上がってないから落とせるものがなく主人公たちが失敗しても何も共感できない。・序盤にデウスエクスマキナという伏線が張られる。それをくだらなく回収する。感想プロが作ったと信じられないほど出来が悪い作品で驚きました。「駄作だから見る。つまらないから見る」という形でしか見てもらえない作品です。そんなものを多くの人の手を借りて作る必要があったのでしょうか。もっとマシな作品にできたはずなのに誰かが台無しにしてしまったのかなと悲しい気持ちになりました。
  
",5つ星のうち1.0,22
"







  
  
    面白かったけど??
  
","







  
  
    普通にSFものとして面白く見たけどなぜかあまり評価良く無いですね。この映画のオチはなんとなく中盤辺りから薄々とこんな風になるのではと思っていましたけど...。ただ影の形がちょっと違っていたかな。あとしまつ第2弾本当に出るのかな？少し期待してしまうな(*'▽')
  
",5つ星のうち5.0,22
"







  
  
    特に大きな問題を感じない凡作
  
","







  
  
    リアルさは感じられないのとギャグがシュールなのを除けば序盤から分かりやすく伏線も貼っていて別に大きな問題は感じられない凡作。なんであんなに騒がれたんですかね？
  
",5つ星のうち3.0,22
"







  
  
    政治系ブラックコメディーの極み
  
","







  
  
    スポンサーに気兼ねなく政治系をイジルという点で、映画にしか実現できない作品だったと思う。国内外政治系ニュースを興味を持って視ている人たちは楽しめるかも？もし子のようなシチュエーションになったら政治、マスコミはどう動くのか？をブラックジョークで上手く皮肉っている。少し中だるみのある話の進展を、最後は特撮ヒーローでうっちゃったところも決断できない政治への大いなる皮肉だろうと思う。
  
",5つ星のうち5.0,22
"







  
  
    普通に面白いのですけど…
  
","







  
  
    時間が余った時に気兼ねなくのほほんと楽しむのによい映画です。映画と真剣勝負がしたい方向けではないです。
  
",5つ星のうち5.0,22
"







  
  
    笑えて、最後はビックリ
  
","







  
  
    ラストにビックリして、笑えました。
  
",5つ星のうち4.0,22
"







  
  
    純粋に面白い、怪獣の死体の処理について、腐敗が進む中、安全性、観光資源とか日本の政治・海外の反応等
  
","







  
  
    大怪獣は、福島原発の処理に似ていいる。政府間で責任のなすり合い、利益になるとなるとそれを使い自分が目立とうとする。腐敗が進み悪臭がでてくると、処理責任を押し付ける、日本の政治ならきっとそうだろうなと予想させる場面がいくつもある面白く描いて居る。
  
",5つ星のうち4.0,15
"







  
  
    真摯に現代のあさましさとまぬけさを描いている
  
","







  
  
    価値観の違う人々がそろいもそろって共通言語を求めたり、価値観ごとに存在する矛盾しあう適当で無責任な答えを言い争ったりする、現代人の持つ、とてもおぞましく、あさましく、しかし魅力ある一面を、三木聡さんはいろんな作品で描いている。この映画でも全くぶれていない。むしろ今までよりもさらに、「一般」というわけのわからない考え方を、「一般」という視点で滑稽に描いている印象が強い。三木聡さんの作品としては面白かったが、三木さんの作品を知らない人が観たらどう思うんだろうか。というわけで、三木さんの作品が好きならおすすめです。
  
",5つ星のうち4.0,15
"







  
  
    結構楽しめた
  
","







  
  
    確かに素晴らしくはないけど酷評されるほど酷い映画でもないと思う。気に入らない人ってあの国が(真実なのに）茶化されてるとことかあの二重国籍の人が茶化されてるとことかが気に入らない人じゃないwww?
  
",5つ星のうち4.0,15
"







  
  
    対象年齢低め
  
","







  
  
    妙に評価が低めだなと思ったら、小学生くらい向けの想定視聴層になってました。よく言えばわかりやすく、悪く言えばひねりも渋みもない。でも酒を飲みながら流すのならちょうどいい感じもしました。
  
",5つ星のうち4.0,15
"







  
  
    ちゃんと娯楽映画になってる
  
","







  
  
    公開当初からボロカスに酷評されたこの映画ですが、見てみると普通に面白かったです。状況が変わるごとに言うことがコロコロ変わる某隣国とか東日本震災の対応の当時の政府の不味さや元タレントの大臣の揶揄など風刺も入っていて酷評している人の中にはそちら側の人も多かったのかなと。私としては面白かったですが。なんの脈絡もない濱田岳の濃厚なキスシーンとか妙に納得させられる国防大臣の一言などこれも監督の味でしょう。ストーリーもわかりやすくてちゃんと楽しめる娯楽大作でした。
  
",5つ星のうち4.0,15
"







  
  
    そんなに悪くない。
  
","







  
  
    素晴らしい着眼点だったので観客が期待した内容と、コメディとしての本作がミスマッチして、一時批判されていたが、観たら普通に面白かった。背伸びをしたＢ級映画な感じかな。
  
",5つ星のうち4.0,15
"







  
  
    酷評される映画ではないが…
  
","







  
  
    酷評された人々は、最後のオチがお気に召さなかったのか？確かに最後は、「えー！」というオチではあったが、フツーに三木聡らしく楽しく見れました。
  
",5つ星のうち4.0,15
"







  
  
    そこそこ面白いと思う
  
","







  
  
    ゆるふわでお気軽に見る分にはいいんやないかな。シリアス度０でまんべんなくナンセンスな設定で真面目に見るもんやないけど、太鳳ちゃんかわいいからいい怪獣と戦えるのは、やはりって言う
  
",5つ星のうち4.0,15
"







  
  
    不覚にも最後まで見てしまった(笑)
  
","







  
  
    不覚にも最後まで見てしまった。でも、アマゾンプライムで久しぶりに最後まで見た（褒めてる）。う～ん、面白くもあり面白くもなく、わかったようなわからないような、手に汗握るわけでもないが最後までわくわく。不思議な映画である。もう一度最初から見直したい欲求にかられる。タイトルから低予算映画かと思っていたがいやいや物凄くお金かかってます。これは映画として正解なのかなあ。よく映画会社が公開を許したよね（褒めてる）。「キノコ」の件が一番面白かった。
  
",5つ星のうち4.0,15
"







  
  
    面白いけど落ちはいまいち
  
","







  
  
    豪華キャストだし、設定の着眼点も面白いけど、最後がいまいちです。最初からそれをやっとけばいいじゃん、となります。
  
",5つ星のうち4.0,15
"







  
  
    目の付け所は良かったのに
  
","







  
  
    センスの無い下らないギャグがホントにいらない。コメディとわかっていてもあまりにもヒドイ。怪獣処理対策ももっと専門家にアドバイス貰ってちゃんと考えればよかったのに。目の付け所は良かったと思うので、もう少しセンスと頭の良い脚本家と制作陣なら面白くできたように思う。豪華な俳優陣を使って金と時間の無駄遣い。
  
",5つ星のうち1.0,28
"







  
  
    ノイズが多い
  
","







  
  
    面白そうな設定だったと思うし普通なら上手く見える俳優さんも多くて豪華だった。全体的に作り込みが見えなくて、ふわっと終わった。豪華キャストで金かけた、学芸会の演劇って感じでも、普通ならこのキャストで演劇したらくそ面白いと思うけどね。
  
",5つ星のうち1.0,28
"







  
  
    目の付け所が素晴らしい
  
","







  
  
    今の日本を風刺した、面白い作品。
  
",5つ星のうち5.0,28
"







  
  
    見ないでね！
  
","







  
  
    冒頭から言い訳のテロップ攻撃、さらにその後、掴みを外しまくり。開始2分で見る気を失い、戻るボタンで、はい、さいならよ。もう日本の映画は見ねぇ。と、言いたくなる駄作。
  
",5つ星のうち1.0,28
"







  
  
    前田建設 ファンタジー営業部だと思ったら大外れでした。
  
","







  
  
    政治と科学のせめぎあいで最終的にどう処理するのかを期待して見ましたが、全時間を返せって思いました。誰がこの映画を見て楽しいと思えるのか。ハリウッドのようにお金をかけられないなら動かさなくていい死体でという視点なら、もっと脚本に力を入れたほうがいいし、ギャグに走るなら恋愛のシーンはいらないし、出演者も製作者も金さえ入ればいいという考えで作られた映画と言えましょう。amazonも何が目的でこんな映画を進めてきたのか疑問です。
  
",5つ星のうち1.0,28
"







  
  
    実写版デビルマン以下のゴミ
  
","







  
  
    令和版デビルマンなんてデビルマンに失礼。圧倒的時間の無駄。寿命が無いか限りなく永遠に生きていられる人向けの暇つぶしみたいな作品。何かが失敗して上手く行っていないというよりは脚本書いた人間の人間性によるクソさが前面に出てきているのでここがこうなれば面白くなりそうみたいな予感が一切しない。頑張ったけどクソ映画になっちゃった。みたいな作品は皆で観ると楽しいけどこの作品はそもそも観客を不快にする目的で創られたのかその目的を達成し、一人で観ようが複数人で観ようが不快なもんは不快でマジで誰にも勧められない。
  
",5つ星のうち1.0,28
"







  
  
    タイトルに期待しすぎた
  
","







  
  
    面白くない。本当に面白くない…。くだらなすぎます。タイトルに期待しすぎました。
  
",5つ星のうち1.0,28
"







  
  
    もっとギャグに寄せるか、現実的に寄せるか決めてから作品作った方が良かったのでは？
  
","







  
  
    この映画にシン・ゴジラの面影を見てしまう・・もっとリアリティを突き詰めれば傑作になっていたかもしれない。多分視聴者もそれを期待していたのではないだろうか。PVとかシナリオのコンセプトとかはとてもいいのに、想像力が足りないせいで発生する問題がありきたりで退屈なものになってしまった感じがある。あと、会議シーンは間延びしてるうえつまらないギャグが入って見てて辛かった。映像や小道具、セットは結構大掛かりで、力の入った作品に感じる。
  
",5つ星のうち1.0,28
"







  
  
    映画公開直後に酷評だったけど
  
","







  
  
    それがやっと解ったタイトルも着目点もいいのに…残念ただ、残念な映画という事は知っていたのでそのつもりで見たけど、それでも酷かったこういった映画に不倫？的要素はまず必要ない気がする特に最後は、は？終わり？？とポカーンとした
  
",5つ星のうち1.0,28
"







  
  
    限りなくクソ映画に近いゲロ映画
  
","







  
  
    着眼点自体は面白い問題はそれをコメディタッチで描くかシリアスタッチで描くかだがこの映画はどっちも突っ込んだ結果見事に双方の魅力を殺してしまっているその上それぞれの要素も稚拙でとりあえず隣国批判しとけばいいんだろ？とりあえずグダグダな上層部書けばいいんだろ的な雑な社会風刺、とりあえず下ネタ言っとけば笑うんだろ？的な幼稚なギャグを見せられ続けては呆れ笑いする気力すらわかなくなるグダグダの中ようやく提示された問題の対処法もそれが成功したのか失敗したのかもよくわからないまま超常存在が全部解決してくれましたではこの115分のお話は全部無駄でしたと言ってるようなものだろうとりあえずこの映画を劇場でお金と時間をドブに捨てて最後まで見届けた観客には敬意を払いたい
  
",5つ星のうち1.0,28
"







  
  
    なんだこれ？
  
","







  
  
    題材が良すぎて、タイトルは星5億点！内容は、マイナス5億点の、はちゃめちゃ映画。ここからネタバレで考察します。↓冒頭は大事なので、あえてピックアップしますが、始めの子供の演技で絶望。ここで、この映画の面白さがわかります。これは子役は悪くありません！演出家が悪い（監督）そして全編、学芸会か？ってほどのレベル。舞台なら良いが、これは映画なので普通に演出家（監督）が悪い。怪獣の死体をヘリで見に行って驚く演技？いやいや、日本を絶望に追い込んだ怪獣でしょ？もう何度も見てるよね？まるで初見の演技。はぁ？首相の会議シーンだけノイズ酷い。意図してやってたのか？博士の異常な愛情のオマージュなのか？シンゴジラなのか？知らんが、画として意味不明。所々のギャグに品が無い。とにかく品が無い。お金払って見に来てる映画なんだという認識が制作側に無い。テレビなら笑える？ギャグ満載。2時間に1800円払って見に来るお客様に対して見せるギャグではない。映画という総合芸術を提供する側が品質、芸術の品を落とすような低レベルのギャグ。テレビ感覚で作ってしまった劇場映画。三木作風を映画でやりたい気持ちは解るが、総合芸術の映画でそれをやってはならない。映画には映画の品格があるし、テレビにはテレビの品格があると思う。様は、根っからの映画監督がテレビ監督をやるとつまらないと思う。映画は映画。テレビはテレビ。と場を考えて作品を作ってくれたらと思う。似てるようで全く映画とテレビでは土俵が違う様に思う。動画カメラとスチールカメラ（静止画）くらい違う。そこをわきまえて作るべき映画だった。本当に低レベルの下ネタ満載。テレビでやれよ！テレビで！映画とテレビは違うから！映画の品質を落とした代表作。l今まで何だったの？ってギャグをしたかったとしか思えないラスト。これもまたテレビ的で映画的ではない。大パニック内容映画としては過去最高傑作。映画って見終わった後に何か残っていて、たとえつまらなくとも何か残っているものであるべき。ただ、この映画は、何も学べず、何も残らない。大怪獣のあとしまつより、この映画のあとしまつどうすんの？って映画を意図的に作っていたのなら素晴らしい。ただ、そんなもん作んなよって思われるのがオチな映画。そこも上手くない。どう切り取っても上手くない。意図はわかるけど、全てが上手くない。はぁ、やっと終わったっていう映画。
  
",5つ星のうち1.0,20
"







  
  
    つまらない
  
","







  
  
    庵野監督のシンゴジラを意識しているつもりなのでしょうか。キャスティング、ストーリー、テンポ、セリフなどすべてがつまらない。最後のオチだけはそうなるよね。という感じ。５００円の価値は正直なかった。家族にも勧められずコスパも悪い。オチが見れたので満足です。
  
",5つ星のうち2.0,20
"







  
  
    投げっぱなしジャーマンスープレックス
  
","







  
  
    始終通して「こうじゃないんだよ、こうじゃ」と思わせる映画でした。15分ごろから始まる責任者会合みたいな場面でのキャラクター性を持たせたい、強調させたいあまりのトンチキ漫才みあいな掛け合い、何ですかアレ。はっきり言って不愉快。この後度々同じようなメンツで行われる「おもしろ内閣コント」が本ッ当に面白くない。吐き気を催すレベルで面白くない。物語の主人公でもありシンボルでもある元怪獣さん。全ての兵器が通用しない恐竜の外皮だけでも超級の研究材料で内外における相当なアドバンテージを獲れるモノなのに燃える燃えないゴミ論争とかレベルが低すぎます。アクションシーンの見せ方もビックリするほど下手糞。私はこの監督の映像作品は一つも見た事ありませんが、感じた限りでは庵野秀明と正反対の思考や作りをしているモノだと感じました。この人は舞台演劇上がりの人なんでしょうかね？ひたすら間をおもしろ寸劇で埋めようとしてきますが、一つもスゴイや巧いな、と思わせる箇所が無いってのは致命的だと思うんですが。で、正直私の嫌いな映画どストライクだったので、これを見ている皆様には申し訳ないのですが、開始から30分ほどで見切りをつけてクライマックス➡エンドロールだけ見ましたが、これもまたお粗末の極み。「これで一応解決だろ？オチはつけたぞ？」と監督様からのメッセージ、確かに頂きました。その畳み方ならこの映画正味120分あるとして、115分必要無いですよね?怪獣の死骸をどう片付けるか、という基本概要だけを前述の庵野秀明、もしくは日本で怪獣といえばの円谷プロに投げていればどうなっていたか、と想像せざるを得ません。むしろこの両者にオファーをかけたが結果断られたから仕方なくこの監督に依頼した、としか思えないし相性が悪すぎます。再度言いますが、この映画、本当に嫌いです。ひたすらに豪華な俳優陣。過剰なキャラクターアピール、登場人物全員馬鹿、不快すぎるパロディ点数を付けたく無いくらいの作品です。こいつの後始末誰がやるんだホントに。
  
",5つ星のうち1.0,20
"







  
  
    ターゲット年齢が合うとすごくハマる
  
","







  
  
    この作品はターゲット年齢層をしっかり明示したらもっと早く出会えたかも知れない他のレヴューにある大怪獣の姿も全て伏線だったと思えて来る
  
",5つ星のうち4.0,20
"







  
  
    残念
  
","







  
  
    緊張感なくコメディ色が強い。
  
",5つ星のうち2.0,20
"







  
  
    コント
  
","







  
  
    作業用で、流し観するくらいのレベルと思いました。観る観点を変えたら面白いと思います。役者さんで、お客を集めた感がすごいです。
  
",5つ星のうち2.0,20
"







  
  
    評判通り
  
","







  
  
    公開当時の評判の悪さ。ヒット作シン・ゴジラとの時期的・内容的な重複、主演がジャ○タレ。これらの要因による風当たりの強さ故の低評価かと思っていた。そうした偏見を排してフラットな視点で見るよう努めたが、評判通りの映画だった。日本という国と周囲の国際環境の設定は、フィクションなのでどうあってもいいと思うのだが、実際の日本の、偏見に満ちた層の思想を堂々と表している部分があり、とても不快だった。シン・ゴジラでさえもう少し節度があった。脚本・演出に携わった人の国際意識の低さが見て取れる。ストーリーは、政治家と現場の温度差を皮肉ったシン・ゴジラと似た構成。メインの登場人物に常識と規範意識を持ったまともな社会人がいないため、感情移入しにくく、距離を置いて物語に接することを余儀なくされる。そのためか、コミカルな政治家パートはうすら寒く、すべって見え、緊張感があるはずの現場パートも、無駄にコミカルにしてあるせいで白けた雰囲気で、とにかく突っ込みどころが目に付く。多少硬くなってもリアリティを追求するのか、コミカルに見やすいものにするのか、こんな企画段階での取捨選択が完成形においてもどっちつかずというのは、単純に話し合いが足らないのだと思う。怪獣のいる世界を「空想科学読本」的な視点で掘り下げるというテーマは、とても魅力的なのだが映画としての魅力が乏し過ぎて、全く好きになれなかった。
  
",5つ星のうち1.0,20
"







  
  
    つまんね
  
","







  
  
    コメディ要素のないストーリー展開に　無理矢理ぶらさげたコメディ風セリフ回しのだだすべり。ストーリー展開とコメディ要素が　お互いを潰し合って　びっくりするほどつまんない。これを面白いと思って撮り終えた監督のセンスに心底おどろく。
  
",5つ星のうち2.0,20
"







  
  
    着眼点は良い
  
","







  
  
    ヒーローものなどではあまり映し出されない怪獣の後処理を題材にしているのは良い。だが、コメディーを入れる必要性がない。もしかしたら、現実世界への皮肉を風刺画的に伝えたかったのかもしれないが、つまらなすぎだし、下ネタすぎ。監督・脚本の三木氏の経歴を見て、コメディーに走りたくなるのは理解したが…最後の帯刀が選ばれし者というオチも良くない。ヒーロー等が片づけなかった怪獣の残骸を人間が変わって苦労しながら処理する、という所に面白みがあるのに台無し。選ばれし者が帯刀なら最初から処理しておけ、という話で終わってします。特撮の出来が良いというレビューもあるが、出来は悪いと思う。【疑問点】・閣僚が怪獣の大きさに驚くシーンがあるが、出現時点で大きさ把握しているのでは？・ダイナマイトに火付いて、一目散に逃げるか？　…火付けた兄ちゃんの傍にいた方が安全のはず・上昇気流に乗せて成層圏に臭いを、と言うが途中でジェット気流などにより、世界に拡散するのでは？
  
",5つ星のうち1.0,20
"







  
  
    着眼点はいいが…
  
","







  
  
    多くのレビューに書かれているように、品のない部分が多すぎるが、オヤジギャグ世代としては、それなりに楽しめた。一方、怪獣の後始末という今まで考えたこともなかった事に着眼し、これをテーマにしたのは良いが、そりゃ〜そうだよねという結末はいただけない。あれだけの俳優を勢揃いさせているのだから、もう少し泥臭い人間味のあるシナリオであっても良かったのではと感じた。
  
",5つ星のうち3.0,20
"







  
  
    俳優以外のエキストラ
  
","







  
  
    エキストラと言うべきかメイン俳優以外の演技がダメで安っぽく感じて感情移入出来ず。
  
",5つ星のうち2.0,12
"







  
  
    タチトルの着眼点が良いのにつまらない
  
","







  
  
    監督が誰だからとか、俳優が誰だから等が好きな方は面白く取れる部分があるのかもしれませんが、そういうのが無い方にはお勧めしません。ずっと政治家の動きの遅さや責任転嫁を表現しているだけ。設定も甘く、微妙なギャグがずっと続くだけ。最後のシーンで結局この作品は何だったのかとなりました。
  
",5つ星のうち2.0,12
"







  
  
    長い
  
","







  
  
    この内容で２時間はキツかった。発想はいいと思うんだけど。
  
",5つ星のうち2.0,12
"







  
  
    長い　飽きる
  
","







  
  
    同じ展開を繰り返し二時間近く見せられる最初10分飛ばして30分までととエンドロール前５分の25分見れば事足りる
  
",5つ星のうち2.0,12
"







  
  
    んー。終始つまらない
  
","







  
  
    怪獣の死体をどう処理するかって部分に興味を持ち見たものの、実際は政治家達がくだらない下ネタや冗談を言いながらグダグダと場面を引き伸ばし、やっと処理するのかと思いきや暗躍や陰謀めいた動きにより失敗したり。。結局ただ長い時間つまらないグダグダ劇を見せられてるだけ。なんの面白味もないし、リアルさもない。コメディとして作りたいなら思いっきりやればよかったのに、特撮も恋愛要素もコメディもサスペンスもって欲張って詰め込んで失敗したパターン(笑)逆にこんなつまらない作品を作った監督の他の作品も見たくなりました(笑)
  
",5つ星のうち2.0,12
"







  
  
    あそこに死んでる怪獣って？
  
","







  
  
    政府関係者はカメラの前では、しゃちこばった表情で話してるけど、裏へ回ればみんなあんなもんかも。公の場で本音を出してしまった大臣なんかはいずれ消えていく運命。この作品は専ら政治に対する強烈な風刺を描いたもので、出演者が真顔で演技するとシャレにならないので、こんな感じの作品となったようだ。監督がどんな人物か知っている人はある程度納得だろうし、知らない人は「何じゃこりゃ？」となるだろうし、賛否両論が極端に別れる内容であったと思います。続編やるのかな？
  
",5つ星のうち4.0,12
"







  
  
    光の…パロディ
  
","







  
  
    シンの方が面白かった気がしますキノコの話があるのにヒロインや他の隊員が無事なのが謎機械仕掛けとは…？
  
",5つ星のうち2.0,12
"







  
  
    アマプラの良さを確認できる。
  
","







  
  
    こういう酷い作品を1900円出さずにつまらな過ぎて辛いシーンを早送りで見れるからアマプラは良い。。という事を再確認させてくれる作品でした。監督のセンスの悪さと脚本の頭の悪さですべてが台無し。
  
",5つ星のうち2.0,12
"







  
  
    もっとシリアスでよかったかな
  
","







  
  
    着眼点は面白いし個人的には非常に好みの題材だったのだがパロディが過ぎる。キノコいるかね？というかなぜキノコ？できればもっとシリアスな作品として見たかったな。シンゴジラの続きくらいの感覚で見てしまった自分が悪いのだろうがちょっとがっかりだった。あえてこのパロディを受け入れたとしても最後そんな感じであとしまつするならその前の命がけの件は何だったんだ？他の落としどころはなかったのだろうか？パロディで行くなら最初から最後まで貫き通してほしかった。タイトルに惹かれてタイトルにげんなりする映画。
  
",5つ星のうち2.0,12
"







  
  
    見る人をあまりにも選び過ぎるカルト映画
  
","







  
  
    クソ映画ゴミ映画言われ放題だったので見てみたが、言うほどクソではないし、むしろ面白かった。ひとまず言えるのは、シン・ゴジラとインディペンデンスデイとヱヴァンゲリヲンと平成特撮と昼ドラ辺りを混ぜた所に政治風刺と下ネタを入れてみたはいいが収集がつかなくなって崩壊した、という感じ。そのしっちゃかめっちゃか具合が恐らく大半の視聴者に受け入れられずクソという評価を下されたという印象。つまり一部の層には大いにウケるカルト映画。方向性を１つ２つに絞っていればそこそこ良作の邦画クラスにはなったと思うが…凡作の烙印を押されるくらいならクソ映画の勲章を得たかったのかもしれない。これから見る人に言うとすれば、まず、真面目に見ようとしないこと。シン・ゴジラのテンションで見るものではない。決してない。（冒頭がそれっぽいがその雰囲気に流されないように）それと、冒頭に出てくる「デウス・エクス・マキナ」について、軽くでいいので調べておくこと。デウス・エクス・マキナが何なのか知っているだけで、ラストの展開の見方が１８０度変わる。ラスト５分についての批判がそこかしこで見られるが、その方々は恐らくデウス・エクス・マキナが演出技法の一種である事をご存じなかったのだろう。これが分かっていれば、少なくとも終わった後に呆然とする事はないと思われる。あとは随所に出てくるジョークや下ネタにいちいち取り合わず、茶番のひとつとして流す度量があれば、わりと楽しめる筈。…ただやはり、万人受けする映画ではない印象は拭えない。個人的には面白かったしまた見てもいいが、人に勧める勇気は無い。懲役２時間と言われても仕方がないと思えてしまう。本当に人を選び過ぎる映画だった。
  
",5つ星のうち4.0,12
"







  
  
    結局神オチかよ？
  
","







  
  
    すごい気になってた映画。しかし、結局神オチかよ？有料で観たのに、もう見放題になっちょるし。
  
",5つ星のうち3.0,18
"







  
  
    評判が今一な映画です
  
","







  
  
    前評判は良くないですが、私的には面白かったですね、そこはおかしいだろうと突っ込み所は満載ですが、ヒーロー物とは違う目線での話は良かったと思います、そもそも期待して見る映画では無いです
  
",5つ星のうち3.0,18
"







  
  
    ドタバタしているだけで、面白くない
  
","







  
  
    日本のいろいろと決断ができない政治に皮肉を言いたいのだとは思いますが、やたらとドタバタするだけで、全然おもしくありません。
  
",5つ星のうち2.0,18
"







  
  
    普通に面白かった
  
","







  
  
    公開時ネットでボロクソ叩かれてたので、どれどんなクソ映画なのか観てみるか、くらいの気持ちで視聴しました。会議のシーンは冗長かと思いきや名優達の好演でテンポも良く、「ダルみ」は風刺と解釈出来るレベルでした。強いて言えば映画というより舞台味が強い、という感じでしょうか。また、やや下ネタがくどい印象もありましたが、コメディだと思って観ていたので全然苦にはなりませんでした。例えば、シン・ゴジラやシン・ウルトラマンを期待して観た、あるいはそういう作品のはずだと先入観を持って観た人には厳しいかもしれません。ストーリーや登場人物の個性も悪くないです。最初に言った通り、私はこれをクソ映画だと思って観始めたので、どんどん印象変わっていって、終盤には「何でこれがあんなに叩かれたんだ？」と考える程でした。設定に関しては通常兵器で全く歯が立たなかった怪獣の体に穴を空けるシーンがあって、「空くのかよｗ」って思ったんですけど、まあ凍らされたり色々あったんで剛性落ちたのかな？くらいで消化できました。ただ、ラストに関しては賛否もやむなしかと。本当に最後の最後でひっくり返るんで、そこ以外がつまらなかったら文句なしで☆１付けてたと思います。ともかく、面白かったです。私は楽しめました。うーん、今となっては劇場公開時のボロクソ叩きは、本作に中国や韓国のメディアを揶揄する内容や、某国会議員を連想させるネタキャラが登場するからそっち方面のネガキャンくらったんじゃないか？とまで思っています。（笑面白いですよ。一見の価値ありです。オチに「は？」ってなってください。
  
",5つ星のうち5.0,18
"







  
  
    いまいち
  
","







  
  
    期待していたけれどいまいちでした。
  
",5つ星のうち3.0,18
"







  
  
    終わり方が雑
  
","







  
  
    最近の邦画すべてにいえるのですがキャストがいいのに脚本がダメな典型的なパターン。なんつうかセリフの言い方が終始ふざけてるような感じ。(ドラマのドクターXみたいな感じ)金払ってみるほどじゃない。土屋太鳳が可愛かったのと、濱田岳の演技が唯一よかったので星２つ。
  
",5つ星のうち2.0,18
"







  
  
    映画というよりも・・・
  
","







  
  
    出演者や監督に興味を持ってというよりも、単純にタイトルが気になりレンタルして観てみたが、なんだかストリー自体がうすいとうか、パロディ要素が多くて期待外れでした。で、最終的にこんなあとしまつの方法ですか？という感じでした。
  
",5つ星のうち2.0,18
"







  
  
    思いのほか…
  
","







  
  
    三木聡監督の大ファンということもあって、相当な期待値を持って鑑賞。セリフややりとりのはしばしに監督らしさはあったものの…。シリアス度より脱力度をもっと多くしてほしかったかなと。大人の事情かわからないけど、中途半端な秘匿性というか、怪獣の見た目も、大ラスのアレも、完全な創作にすればよかったのにと強く思う。また『インスタント沼』のような作品に会いたいです。。。期待を込めて星を1個多めに。
  
",5つ星のうち2.0,18
"







  
  
    独特
  
","







  
  
    損ではない
  
",5つ星のうち3.0,18
"







  
  
    うーん、最後はそうですか
  
","







  
  
    大怪獣をいかにして片付けるのか凄くたのしみだった。　最後は、えーと言いたくなる作品
  
",5つ星のうち4.0,18
"







  
  
    ここまで酷いとは
  
","







  
  
    酷い酷いとは、聞いていたけれども、ここまで酷いとは。日本の怪獣映画を最底辺に落とす映画を良くも恥ずかしげもなく制作できたその根性と精神には、神経を疑う以外のなにものもない。第二部？誰が望んでいるのでしょうか？国内販売だけにしてほしいですね。間違っても世界配信はしないで欲しいです。日本映画の恥以外何者でもない作品です。むしろ、日本映画という名称すらつけて欲しくないです。インディーズで、勝手に出してる分には仕方ないですが。そんな作品です。駄作？駄作に失礼ですね。
  
",5つ星のうち1.0,21
"







  
  
    怪獣映画好きの誰もが「もったいない」と思っている
  
","







  
  
    パロディならパロディで、もっと面白く仕上げるべき。ただ、パロディにするには題材がよすぎるんだよ。実際、往年の怪獣映画ファンは、新作の内容に期待していない。さらにシン・ゴジラによって、怪獣映画は結実したといっても過言ではない。何が言いたいかというと、怪獣映画ファンが「新たに今まで以上に面白い怪獣映画は期待できない」と感じているということ。そこに来て「大怪獣のあとしまつ」という「その手があったか！」というタイトルで、怪獣ファンは歓喜した。ましてや、誰もが思った「凍結したシン・ゴジラはあの後どうなるの？」みたいな欲求不満を、この映画が解消してくれると期待したに違いない。それがこの内容である。残念、がっかり。光の玉が出て来た時点で、怪獣ファンなら必ずああなるとオチは読める。それならそれで、もっともっともうまくやれば、シン・ゴジラとシン・ウルトラマンをつなぐ作品にできたんだよ。本当に残念だなぁ。
  
",5つ星のうち1.0,21
"







  
  
    こき下ろされてるほど悪くない
  
","







  
  
    レビューやネットの評価は散々ですね。　まあ気持ちはわからなくもないですが、個人的にはこき下ろされているほど悪くないと感じました。一つ言えることは、ギャグのテンポが悪いですね。　ギャグが寒いってのは正直あると思いますが、テンポで結果は違っていたかな。　下ネタは好き嫌いが分かれるので、見る人次第だとは思いますが。残念なのは役者さんが演技がんばっていますが、各登場人物の個性を生かし切れていない物語の流れなんですよね。　それとなぜそういう行動をとっているのかというバックグラウンドや心の動きを少し映像として挟んでいれば物語にもう少し厚みがでたような気も。。尺の問題という最大のネックだとは思いますが、美味しい具材をたくさん入れたけど味付けのバランスをミスってしまった感がなきにしもあらずって感じですかね～。あ、最後のオチは映画見る前から想像つきましたよ。　要はそこへどうもっていくかなんですよね。そんなひねったオチなんて、そうそう出てこないですから。まあ何かを期待してこの作品を観た人にはガッカリ感がハンパなかったのも仕方のないところですね。しかし、私はそれなりに楽しめました。　まさにおもしろいおもしろくないのどちらでもないってところです。お菓子食べながら気楽に観れば、それほど悪くない映画じゃないのかなって思います。
  
",5つ星のうち3.0,21
"







  
  
    配信されたら観るって決めてました
  
","







  
  
    良い役位者たちが真面目に馬鹿をやらされる悪い評価も多いのは解りますが映画とは娯楽のためにあるものだと思う周りの意見に惑わされたり流されず、くすっと出来たらそれで善しとしましょうよ不倫とか三角関係とか下ネタとか騒ぐ人居ますけど、配信前にある程度は知ってたでしょ映画館で観た感想とかもいらないんですよ、ここは配信されたコンテンツについて批評すべき場所じゃないでしょうか、おかまの双子（古い？）になった気持ちなのかな？そういうのならブログにでも書いてほしいです、これをこれから観ようと見ようと思う人は想像力を働かせる必要も期待する必要もなく、そういう話が一生懸命作られたことだけ少し思うだけで後はへぇ～って気持ちで鑑賞してほしいと思います。
  
",5つ星のうち3.0,21
"







  
  
    好き嫌いが割れるし、嫌いな人の方が多そうな作りの作品
  
","







  
  
    大怪獣の死体を片付けると言う怪獣特撮のその後を描くと言うテーマを、シンゴジラを彷彿とさせる群像劇風に見せながら、下らなくて下品なコメディ風味に仕上げると言う料理が、超、人を選ぶ。基本的に緊張感無く、前半は怪獣の処理を押し付け合い奪い合いをストックキャラ的な登場人物達が延々とやっていく。ようやく後半で怪獣の死体処理を適切にしなければ大惨事になりそうな予感が起こるのに、基本がコメディタッチかつ、主体となる主人公をしっかり描かずに群像劇にしているせいで、主人公っぽい奴らが急に真面目な顔で何かをしだすぐらいにしか感じない。更に、勘が良い人なら初手で気付く、怪獣を殺した存在が怪獣の死体を処理して終わるラストは、なぜ最初からそうしなかったのかも謎だし、あまりにも陳腐。そりゃ、怪獣の死体処理の現場のドラマとか、真面目なテイストを期待して劇場に足を運んでしまった人達は、懲役2時間の刑と文句を言っても仕方がない。売り出し方が不味かった、人を選ぶ風刺コメディ下ネタ映画。最初から、そう言う物で、ゴジラとかウルトラマンのパロディと思ってみると、結局人は選ぶが、そこまで酷くはない。美味しいカレーが食べたかった人が本格カレーをうたっていそうなカレー屋に入ったつもりが、便器皿カレーを唐突に出されたみたいな事故。私は酷評を知った上で見たけど、終始真顔のまま終わってしまった。
  
",5つ星のうち1.0,21
"







  
  
    最低のコメディ映画、星１つももったいない
  
","







  
  
    おそらくは特撮や災害を題材にコメディをやりたかったのでしょうが、肝心のコメディが壊滅的に面白く無いテンポは非常に悪く、下ネタ満載のギャグは不快なだけでなんの意味もない、政府の主要人物のみならず周囲の人間も揃って全員無能、挙げ句の果てに自力では何も解決できないので神頼みで終わらせるという救いようのない駄作。災害映画というのは、いかに無力な人間が知恵を絞り絶望的な状況に立ち向かうかが醍醐味の作品。ところがこの作品では絶望的な状況をくだらない下ネタでコーテジングしてるため緊張感がまるで伝わらず、せっかく面白そうに解説された解決策も嫉妬からの愚策で全て台無しにされ、あげくに説明が何一つなされない神の力で万事解決という、もはやなにを伝えたいのかわからない結末に。個人的に許せないのは、こんな下らないギャグ集のために震災やテロネタを入れてきたこと。特務課が設立された経緯が過去に起こった科学テロに対してらしいが、おそらく元ネタは例の地下鉄テロ。にもかかわらず、怪獣の死骸との初接触の際は科学防護を一切していないまま隆起した大組織を突いて破裂させている。対テロや科学捜査などの要素を表面上しか取り入れず、適当な描写で適当に話を進めるため、全然真面目に科学的な考察などがされていない。どれだけ不真面目に震災やらテロ対策を扱っているのがじわじわと画面越しから伝わってくる。それも一ミリも笑えない下ネタのために利用されていると考えると、本当に最低の作品と言わざるを得ない。
  
",5つ星のうち1.0,21
"







  
  
    新年早々思いやられるク〇映画😊✨💓
  
","







  
  
    怪獣倒した後の設定という時点で面白いわけがない。事件災害？の後でしょう？そんなの盛り上がるところが最初から無いのに掘り下げてどうするんだよ？本当に盛りあがらないシーンばかり。緊張感があるわけない。そこには何も共感も感動もない。よくそんなクソが着くほどの設定を映画化して金取るよね。頭の中だけでやってろと言いたい。政治家どものなぁなぁでやってるのヘタレさも冗談でも見たくないよね。アットホーム？それ違うから。倒した後だから緊張感がないだらけたシーンを延々とやって面白いと思う？演技もまじめにやれ。政治家も現場の兵隊も緩み切った内容はリアルだけでやってなさい。そんなの演技にするな。案の定、いやそれ以下で酷いもので時間の無駄。拷問に近い辛さ。最初は2倍速で観て、途中でスキップしてなんとなく把握。それで十分だった。さあ、次のク〇映画は何があるかな？低評価に興味あるんだよね。
  
",5つ星のうち1.0,21
"







  
  
    観る必要性が無い
  
","







  
  
    内容、演技、映像全てにおいて何も褒められる所が無い話の基本をシリアスに置くでも、B級映画のようなチープな笑いに振り切っているわけでもなく役者の演技もお遊戯のように中途半端で最初から最後までいたたまれない痛いギャグと演技とストーリーをただひたすらに見せ続けられる地獄のような2時間でした。当時映画館で放映された時、至る所で「見なければよかった」「あまりにも酷い」「痛い」「デートが台無しになった」「時間と金を返してほしい」といったレビューに溢れていたのでこの2022年、さすがにそこまで酷い映画を作れるわけもないだろうと思いAmazonPrimeの配信に伴い、早速視聴してみましたがもうこれ以上何も言うことはありません星0です。
  
",5つ星のうち1.0,21
"







  
  
    ギャグがキツい
  
","







  
  
    山田涼介は最初から変身しろ
  
",5つ星のうち2.0,21
"







  
  
    ナンダカナー
  
","







  
  
    本筋のポイントがずれていくので、大人の娯楽としては、面白みに欠けます。特に最後の、山田君がウルトラマンぽ君るのには、いかがなものかと。　怪獣の後始末を、政治家や、行政がどのように考えているのかを、想像させていただきたかったです。　いわゆる「怪獣」は、大きな災害の一つと、とらえて、解決してゆくのかなと思って居ました。
  
",5つ星のうち3.0,21
"







  
  
    酷評
  
","







  
  
    されているけど、言われる程は酷くなかったです。
  
",5つ星のうち3.0,17
"







  
  
    期待外れ
  
","







  
  
    面白くありませんでした。
  
",5つ星のうち2.0,17
"







  
  
    開始１分で駄作と教えてくれる親切さだけが売りだった、これ以下を探すのは苦労しそうな学芸会ノリなパロディ
  
","







  
  
    某国や某議員を揶揄するのは良いのですが、特に後者は打ち切り漫画のやり過ぎ揶揄ににて少し不快感も。『サウスパーク』みたいに容赦無く徹底的にするのでもなく、中途半端にネタとするだけで風刺にすらなってない微妙な状態でした。また、基本的には「大人向け風」なのですが、実態は「キッズレベル映画」であり、『えー・・・結局そういう話なんだ・・・』という虚無感に襲われます。硬派風な設定なのに、実際は軟派なパロディでしかなく、しかも＊ネタばかりで食傷気味なうえレベルも低く、「下らないギャグを表現しようとするも、単に下らないだけだった」という滑っていて寒さで氷河期が到来しそうな酷さ。主役（？）も、体格や風貌がなよなよしたアイドルみたいな感じで、とても特殊部隊の精鋭とは思えないですし、役柄と配役が完全に間違ってる。彼自身は他の役ならまだ良かったかもですが、設定と見た目が全く合ってない。しかも物語も酷く、『シンゴジラ』も酷かったですがアレを更に酷くしたような感じで、最初の時点で庵野監督がやるから辛うじて成立するテロップ字幕で滑ったうえに、『シンゴジラ』っぽい政治劇は学芸会どころかお遊戯会みたいなドタバタ劇で、『シンゴジラ』よりも更に酷い質。観ていて寒気がするほどに酷い。酷い。主軸部分以外も酷く、例えば、「結婚しているのに主役に対してキスした挙句にまだ好きと言い出す」「夫側も妻の元部下と熱烈キス」と、W不倫状態。ヒロインが堂々と不倫して悪びれもせずとか笑うしかない。しかも敵役は怪獣でなくその「妻の元部下と不倫してる夫」ですが、小物刊が酷いうえに『やはりか…』だとか思わせぶり台詞ばかりで敵役としての魅力も全く無いので結果として主役も引き立たず。どこもかしこも学芸会やお遊戯会なノリと質なので、観ていて寒々しく、視聴が本当に辛い。辛い。酷い。駄目。某国揶揄やら某議員へのパロディ揶揄も、政治的に優れたものでもなく、ただただ「揶揄するだけ」なので小学生のギャグ的な面白さはあるものの、それ以上が一切無いので底が浅いというか表面＝底レベルの浅さ。酷い。揶揄する事自体が目的化してしまっており、揶揄する事で何かを伝えるという風刺に至ってない状態。つまり単なる寒いギャグ。それらに加えて「質が悪過ぎるCG」「下手過ぎる演技」「寒すぎる台詞」等々が加わり、リアリティの欠けた観る意味と価値が無い質に。それでもギャグの質が高ければ良いのですが、肝心のそこも最低クラス。酷い。俳優さん達のファンの人なら、それでも盲目的に観れるのかもですが、俳優さんのファンでない視点では最悪も良いレベルで酷い状態でした。ギャグ路線でなく、徹頭徹尾にリアリティを追求したシリアス路線で制作するか、ギャグ路線なら「質の高いギャグ」で制作するか、どちらかであれば名作になれたかもしれないポテンシャルはありましたが、アイドル（？）の下手演技を見せられるPVに留まってしまっていました。一応、「視聴者を笑わせよう」と「顧客視点」がある分だけ、某『デビルマン』だとかよりはマシではあるのですが、それでも★２を付けるには至らない質でした。本当に酷い。制作を志す人が視聴して、「何故この作品が駄目なのか？」を題材として論文やレポートを書いて分析するなどの「資料的価値」ならばありますが、一般視聴者が楽しむために視聴するには向いていない作品でした。ただ、ネタのレベルが小学生レベル→小学生なら楽しめる可能性はあります。が、今度は【主役がW不倫の相手】だとか設定上キッズ映画には向いておらず、質はキッズ映画なのに大人向けで制作されているという本当に微妙な作品。リアリティ重視でのシリアス路線で真摯に制作したら名作になりそうだったのに・・・邦画の駄目駄目な部分と、衰退した理由が良く分かる、そんな作品でした。
  
",5つ星のうち1.0,17
"







  
  
    タイトルだけは凄く期待できました
  
","







  
  
    個人的な感想を言うとTVドラマの尺を映画にしてはダメだということですね。冒頭から１０分位は全体的に普通でこれから起こることに期待を感じたのですがそれ以降は独特なTVコメディが続いていきます。観ていて終始イライラしたのでこのノリに体が受け付けなかったみたいです。調べてみると監督の独特な世界観を褒めている人がいるのでファン向けの映画と思いました。となれば小劇場で公開するのが丁度よいかなと。簡単に例えると高級食材（イケメン＆ベテラン名優）を発酵食品（三木 聡）にした感じでしょうか。美味しいかどうかは置いといて癖が強すぎて人を選ぶ感じ、くさやとか臭豆腐シュールストレミングを一般人向けにコンビニ販売する感じ。前評判と人気俳優陣が先行しすぎてそれ目当ての人が脚本とまったく合わなくてヘイト祭りになったのかなーと推測します。基本的に私はオススメしない映画となります。
  
",5つ星のうち2.0,17
"







  
  
    良かった
  
","







  
  
    昭和世代のはまりもの
  
",5つ星のうち3.0,17
"







  
  
    がっかり
  
","







  
  
    予告などをみて期待していたのになんかがっかりでした。
  
",5つ星のうち2.0,17
"







  
  
    その終わり方はないだろ！！
  
","







  
  
    コミック的な感じなんだと思う。突っ込み始めたら切りがない。お酒飲みながら笑うのにちょうどいいなぁーと思ったら。。。おわりかたー！！
  
",5つ星のうち2.0,17
"







  
  
    この映画の売りがわからない
  
","







  
  
    ストーリーも陳腐、緊迫感も感動も何の感情もわかない。素人芸人のだだ滑りの舞台みたい。山田涼介くんや土屋太鳳ちゃんの無駄遣いでは、、、。
  
",5つ星のうち2.0,17
"







  
  
    ギャグ映画？
  
","







  
  
    私的には、もっとリアリティな感じと思ってました。今年見た中で一番残念な映画です。全編ギャグ（たいして面白くない）の応酬のドタバタ映画です。予告には出てこないイメージの映画です。終わりも、えっ？（ネタバレになるので書きませんけど）って感じの終わりで、終始残念な感じです。ウルトラマンやゴジラ的な感じを想像していたら、お金返して欲しいくらいです。ギャグ映画好きな（決してコメディでも無い）人には良いかもです。松本人志の映画とか、、、。
  
",5つ星のうち2.0,17
"







  
  
    人間模様の映画
  
","







  
  
    こういうのも現実的にあればこうなるという映画か。怪獣同行の映画ではないので人間模様を見る映画で日本の総理大臣役の西田敏之がいい味出してた。
  
",5つ星のうち3.0,17
"







  
  
    怖いもの見たさ
  
","







  
  
    いろいろな評価記事を見ても、すべて最低の評価がされていた映画プライムビデオに追加されたので、怖いもの見たさで見てしまいました。見る前は、世間ではそう言っているが、そんなことないだろうと思っていたのですが、最低でした。本当に最低！途中まで、頑張れ人類（寒いギャクは除く）だったのですが、最後の落ちで、ああ、世間の評価が正しいと思いました。もう一度言います。最後の落ちはひどすぎる。途中まで倒された怪獣は時とともにああなっちゃったのを何とかするスペシャリストってとこまではよかったんですが、なぜ最後までその路線でやらなかったのだろうか？やってたら、もう少し評価変わっていたんじゃないかと思います。（いや、、、変わらないか！）
  
",5つ星のうち1.0,27
"







  
  
    期待外れ
  
","







  
  
    映画タイトルの通り、死んだ怪獣の後始末に関する話。怪獣の処理にあたる国の考え方、処理方法、必要予算、衛生面での問題など、特撮では描かれなかった部分を大人目線で語ってくれる作品。かと思いきや、広げた風呂敷をそのままぶん投げて終わります。上記のようなものに惹かれた方は別の映画探しをお勧めします。出演俳優が豪華で、ちゃんとした映画か？と思いますが、残念映画です。正直これにGOサイン出した人の考えを知りたい。面白いと思ったんだろうか？制作側の人は何か思わなかったのだろうか・・・
  
",5つ星のうち1.0,27
"







  
  
    いわゆる「怪獣特撮映画」では無いのでご注意を。これは悪意あるパロディコント風映画。
  
","







  
  
    コメディ映画と言えなくもないが、ギャグや風刺の全てが的を外している。独自の専門用語が飛び交いがちな特撮SFものを小馬鹿にしたような意味のないセリフや、二昔前の小劇団風の芝居はイライラするばかり。お金を払ってコレを劇場で見てしまった方々を気の毒に思う。土屋太鳳さんに「うんこ」と言わせてたなら、星をもうひとつつけてたかもしれない。
  
",5つ星のうち1.0,27
"







  
  
    ギャグセンス絶無、説明が雑
  
","







  
  
    某noteにある三角関係が前提、オチは序盤に説明されているのを踏まえて星１。絶望的につまらない下ネタ、しかもまだそのネタ続けるの？ってぐらい擦る。というか登場人物のIQが低すぎる、小学生以下か？そしてデウス・エクス・マキナについても脈絡もなく説明される。なんでそれメモに書いてるの？オダギリジョーの決死の遂行も何も描かれずダムが破壊できたのかパッとわからないまま爆発しそうになっている。三角関係を主軸に見てもそれならクソ下ネタ削って人間関係をもっと出せ。総じてクソしょうもないネタで尺稼ぎして怪獣部分、人間関係部分の尺が足りていないワースト映画。デビルマン以下。
  
",5つ星のうち1.0,27
"







  
  
    特撮を馬鹿にした映画
  
","







  
  
    題材的には、とてもキャッチーな題材で興味を惹かれる題材なのに、すべてが中途半端。どこをターゲットにしているのか全く分からない。シリアスに振るのか、ギャグに振るのか中途半端。そもそもギャグのセンスも悪い。伏線でも何でもない、意味のない設定やネタが散りばめられているけれど、単なる話の穴埋め？落ちも全く理解できない。最初からそうしろよという感じ。特撮を馬鹿にして作ったとしか思えない。
  
",5つ星のうち1.0,27
"







  
  
    虚無感だけが残る。何でこんな企画が通ったんだろう？
  
","







  
  
    悪評高い「大怪獣のあとしまつ」鑑賞。つまらなすぎて途中からながら見になったんだけどそれでも長かった。最後のオチはウルトラマンの影が伸びて、あーこれかと思いましたが、もはやなんの感情も沸かず虚無感だけが残りました。何でこんな企画が通ったんだろう🙁
  
",5つ星のうち1.0,27
"







  
  
    とんだ駄作
  
","







  
  
    何を伝えたいのか皆無です。笑いをとりたいのか、会話の中にちょこちょこふざけたやりとりを入れ込んでますが、全く笑えず失笑すらありません。ストーリーもちぐはぐで結末も悲惨なものでした。最近見た邦画の中でも屈指の駄作だと思いました。
  
",5つ星のうち1.0,27
"







  
  
    映画代返せ
  
","







  
  
    映画館で寝てきました。ジャニーズ・またそのファンが絡むと糞になる代表例的な映画です。あとは志がない金出されればなんでもつくる監督。別に女がイケメンにワ―キャー騒ぐだけなら、イケメンを2時間くらいひたすら映し続けた動画でも流せば？それで満足なんでしょ？（笑）コンテンツを巻き込むなって話なわけです。住み分けをしっかりしましょう。イケメンが見たい女性の方たちは恋愛映画でも見ててください。こっちにすり寄らないでください。勝手に恋愛や青春映画見ててください。以上！
  
",5つ星のうち1.0,27
"







  
  
    長かった
  
","







  
  
    長かったのは、あまりにもつまらなくて、テンポが悪すぎるから。全くワクワクしない。不倫話を入れれば大人向けなんて思ってる所がまた考え古すぎ。ギャグのつもりで入れたであろう場面が、全く笑えない。最終的に巨大化して済むんなら、最初からしろよって感じ。一応最後まで観たけど、見る価値なし。
  
",5つ星のうち1.0,27
"







  
  
    何がしたいの？
  
","







  
  
    邦画の中で今までは実写版「ガッチャマン」が自分の中でワースト一位だったのですがこの映画がそれを超えてワースト一位になりました！「怪獣の死体処理」「三角関係」「コメディ要素」この３つが大きなテーマなんだと思いますがこの３つのテーマの描写がどれも中途半端で最悪なまでに噛み合っていない！怪獣の死体の映像はなかなかのモノなのにコメディ要素の人間側のこの怪獣の死体への下ネタや小馬鹿にした発言やらで舐めプしているように見えて本気で処理しようとしているように見えない！そして三角関係はいらないだろ！ほんとにこのテーマ必要だったか！？一時期この映画の関係者が『伝えたかったことが伝わらなかった』みたいなことを言っていたがこんな物語もテーマもまとまってない作品で伝わる訳がないだろ！結局監督は何を描きたかったんだ！？
  
",5つ星のうち1.0,27
"







  
  
    面白かった
  
","







  
  
    テーマとそれに対応する政府の滑稽さが面白かった。
  
",5つ星のうち5.0,25
"







  
  
    1回は見る価値あり
  
","







  
  
    無能な政府と、浅ましい隣国と、東日本大震災の教訓と・・・作者は色々と語りたかったのしょう。ボヤッと観たらB級以下の映画だけれども、想定外の惨事が生じると日本はいつまで経ってもこんなだろうと、作者に共感してしまう。
  
",5つ星のうち5.0,25
"







  
  
    これはないわ・・・
  
","







  
  
    結構長い時間見て最後これとか１回目はあまりに退屈で寝落ちして２度目で完走山無し落ち無し意味無しこれはつれぇわ・・・評価通りの作品でした
  
",5つ星のうち1.0,25
"







  
  
    予告は面白そうだったのに…
  
","







  
  
    予告は面白そうだったから劇場で見に行こうと思っていて忘れていた映画。プライムで見れるじゃん！！！やったー！ってテンション上がったのに…。結果お金を払って見に行かなくて良かったです。風刺や着眼点やタイトルはとてもいいのに、真面目おふざけがテーマなのかな？盛りだくさんなギャグや、おふざけ部分が全部つまらなくてシリアスな中でも「ふふっ」ってなれるようなものではなかった。終始シラけてしまい、私には合わず。
  
",5つ星のうち1.0,25
"







  
  
    無駄金
  
","







  
  
    よくもまぁ～無駄金使ってこんなの撮った。豪華キャスト陣へのギャラ・特撮セット作成費用・映像処理費等にいくら使ったんだろ？場面場面で面白い場所、良い所を取り出して評価しても意味がないのでは？作品全体として面白いものは面白いつまらないものはつまらないでしかない。光の戦士（ウルトラマンとは特定はしてないが）が出てきて解決するのならそれがドラえもんでも良いじゃんってことだろ？なら何でもありじゃん(笑)こんなもんに何億？もっと？使えるぐらい持ってる所は持ってるんだね～勿体ない勿体ない。
  
",5つ星のうち1.0,25
"







  
  
    80年、90年代小劇場のあとしまつ
  
","







  
  
    舞台劇を映画にした感じです。80年〜90年代当時、下北沢近辺を歩けばお会いした俳優さんたちがたくさん出演されています。（早朝の牛丼屋で隣の席に西田敏行さんがいらっしゃったりとか…）日本的な特撮技術よりも一人で特撮表現できる強烈な役者さんが見どころです。アニメ手法の別の怪獣映画より楽しめました。ですが笑いと皮肉と高揚感に満ちたヒーローのいた世界は今の時代に受け入れられるでしょうか。主演のアイドルを観たい方、怪獣映画を観たい方、アニメ映画的なものを観たい方、子供には強烈な「!?」がつくと思います。これは当時のマイナーエリートたちとそれを支えたサブカルチャーにはまった人たちのあとしまつです。多様性の時代に映画館ではきびしいですが、プライムのようにまだまだ新しいメデイアには活路があるような気がします。エンディングの告知!にあったように（笑）
  
",5つ星のうち5.0,25
"







  
  
    なんだこれ
  
","







  
  
    ハナからジャニーズ礼賛映画と思って期待薄ではあったが、タイトルに惹かれて観てしまったところ、あまりのダメさに呆れを通り越して怒りを感じてしまうくらいの映画だった。問題点はたくさんあるが、主たる問題は大きく２つ。①連発される寒過ぎるギャグ昭和感満載の寒いギャグがクドいくらい連発され、観る人を置いてけぼりにしてしまう。それだけならまだ許せるが、「いぶし銀の役者がこういうギャグをするから、面白いんだよ」なんて監督や脚本家の薄っぺらいお笑い哲学が見え隠れして、鼻につく。劇中の言葉を借りるなら、ギンナン臭い。②結局、彼が解決してしまうこの映画の求心力の源は、「ウルトラマンが倒してくれた怪獣を、どうやって次回までに片付けてるんだろう？」という、多くの人の持っている疑問にある。つまり観客が「（人類が）片付ける過程」を期待して観る事は想像に難くないのに、くだらないお遊戯会みたいな芝居をダラダラ続けた挙句、最後の最後に彼に片付けさせてしまう。論理破綻したストーリーに、もはや「なんだこれ」の感想以外に出てこない。タイトルだけが、秀逸な映画です。
  
",5つ星のうち1.0,25
"







  
  
    始終中途半端でとにかく苦痛
  
","







  
  
    ラスト20分、観ていてあまりに苦痛で観るのを止めてしまった。よっぽどつまらない映画でも最後まで見るタチだけど、これは耐えられなかった。皆さんおっしゃるように、シンゴジやシンウルの後日談的なコンセプト自体は斬新な切り口で興味をそそるが、シリアスで行きたいのかギャグで行きたいのか、どっちつかずで中途半端。ネタバレになるので詳しくは書かないが、謎のシンゴジごっこと締まりの無い解体(?)作戦の繰り返しで散りばめられる謎の下ネタや薄っぺらい恋愛要素。振れ幅の少ない緩急が連続して緊張感はなく、終いには苦痛になってくる。テンポ感で言うとダンケルクみたいだが、あっちはほど次の展開が気にならずやっぱり飽きてくるどころか苦痛になってくる。せっかくの斬新なコンセプトと割と豪華な出演陣の期待を返してほしい。今後このコンセプトは使えなくなるもんなぁ。別の監督、別の脚本ならギャグに振るなりシリアスに振るなり面白いものになっただろうに。日本の映画や映像作品の悪いところを詰め合わせたような駄作。非常にもったいない。金払って観た人は気の毒だし、私の休日の貴重な2時間を返してほしい。⭐︎1とする。
  
",5つ星のうち1.0,25
"







  
  
    もったいない
  
","







  
  
    期待はずれでした。
  
",5つ星のうち3.0,25
"







  
  
    怪獣のクオリティ以外は観るところの無い最低な映画
  
","







  
  
    B級ギャグ映画だと思って観てもやはり酷い。必要性の無い下ネタ、無駄な内輪ネタギャグ、全く盛り上がらないロマンス、設定の全てを台無しにする緊張感皆無な掛け合い。全てにおいて最低としか言いようがない。最後まで視聴しなければこのレビューも付けられないので我慢して観たが、やはり徹頭徹尾笑えない面白くない無意味に入る滑りまくってるギャグで虚無感しかない。シン・ゴジラやシン・ウルトラマンやGODZILLAの関連タイトルで表示されるのもおこがましい駄作。どうしても興味のある方は、ぜひシン・ゴジラの視聴後に観てください。虚無を味わえます。
  
",5つ星のうち1.0,25
"







  
  
    映画館で観なくてよかったw
  
","







  
  
    ラストのシーンで「え？」って声が出てしまった。土屋太鳳はかわいいから☆２つ付けようwww
  
",5つ星のうち2.0,11
"







  
  
    いろんなものにセンスが無い
  
","







  
  
    お金のかかった学芸会酷評もやむなし
  
",5つ星のうち2.0,11
"







  
  
    面白いものではない
  
","







  
  
    中途半端な印象。コメディならもっと面白く、いわゆる怪獣映画ならもっとそれっぽく。
  
",5つ星のうち2.0,11
"







  
  
    中途半端
  
","







  
  
    終始くだらないギャグ下ネタ。どっちつかずのつまらない作品。特撮もそんなにすごくない感じでうーん。勿体ない。
  
",5つ星のうち2.0,11
"







  
  
    観に行かなくてよかった
  
","







  
  
    大怪獣の死体をどのように処理するんだろうと期待して映画館に見に行こうと思ったけど、公開後のレビューがひどくて配信まで待ってました。個人的には空想科学読本のように現代科学で考えうる処理の仕方を期待していました。その過程でシリアスかコミカルならわかるんだけどどっちつかずでこの結末はないなって思った。これならウルトラマン観た方がいいなって思えたし確認出来て良かった。
  
",5つ星のうち2.0,11
"







  
  
    30分視聴したが辛い
  
","







  
  
    なんか「フワッ」と始まって、そのまま進んで30分くらい経過したけど、ずっと凪の状態が続いてて辛いんですけど・・・淡々と凪の状態が続いてて・・・ずっと「架空の虚無な話」と「役者さんのフワッとした演技」が相まって面白くないんですよね。メリハリをもっとつけるべきだし、テンポも悪い。こういう架空の話を作るなら「実際に怪獣がいたらどうする？」てリアリティ感、説得力みたいなものが必要かと思うが、それが致命的に欠けている。とても不親切な映画だと思います。30分見たが続きを見たくない。どうしよう。
  
",5つ星のうち2.0,11
"







  
  
    ひどい
  
","







  
  
    公開後は散々な評判だったので、こんなにおいしい題材の映画を、なにをどうしたらつまらなくできるのか、不思議に思っていましたが。観始めて最初の１０分で腑に落ちました。くそ真面目なＳＦでない切り口であったとしても、そのこと自体は特段気にならなかったと思います。でも、ばかばかしい話と、人をばかにする話は似て非なるもので、本作は後者。政府、官僚、学者、現場作業者、国民、隣国・・・・・・描く人々すべてをばかにしてる。風刺ではなく、揶揄、というか愚弄。下北あたりの小劇場でやる芝居のひとつだったとしたら諸々ＯＫかもかな。
  
",5つ星のうち2.0,11
"







  
  
    一流有名人を使ったB級映画
  
","







  
  
    ストーリーのメリハリもないしユーモアのセンスもないし映画としての魅力もないしVFXの技術もない。正に役者の無駄遣い作品。政府に対する風刺じみたエッセンスが全面に散りばめられているがこれを言いたいためにこの映画という形を選んだんだろうなと思えるほど結末もこのタイミングで？という唐突なもの。結末はどのタイミングでも可能な繰り返し内容の漫才のような作品（ただし笑わそうとしているが笑えるところは一つもないので視聴者としてはちょっとイライラはする）。風刺的な部分だけ評価。映画としてはお粗末。
  
",5つ星のうち2.0,11
"







  
  
    微妙なコミカル
  
","







  
  
    下品で微妙な笑いが作品全体で展開される。ストーリーは雑なので、楽しむポイントを見つけられない。想像通りのラストなのだが、だったらもっと早くてもいいんじゃね？などと言った感じ。なぜラストまで引っ張る理由付くらいはしてもらいたい、謎作品である。
  
",5つ星のうち2.0,11
"







  
  
    2022年で見た映画で一番意味不明（笑）
  
","







  
  
    意味不明過ぎて何がなにやら。ストーリー制のかけらも無い。主人公、最後あんなウルトラマンパクリ変身出来るなら、それまでの一連の行動は一体なんだったなのってならないか？ヒロインの最後の敬礼は笑った。なので仕方なく星2に上げた。飛ばしながら見たけど、それでも長く感じた。これを時間掛けて映画館に行って、金払って見た人が可哀想でならない。邦画のダメなところがふんだんに盛り込まれた作品です。
  
",5つ星のうち2.0,11
"







  
  
    全てがもったいない
  
","







  
  
    大好きなテレ朝連ドラ的な面々なので期待して見てしまったのですががっかり感が否めませんまず主役の彼がミスマッチ過ぎる演技上手い下手とかじゃなく彼が出る映画はこれじゃない利権や商業的な事もあるかもだけど彼にとってもマイナスプロモーションになってるのではと心配する位合っていない次に無駄なキスシーン何か嫉妬に狂うようなシーンを助長するのかと思いきやそこまででもないし燃え上がる様な恋、的な事もないこの映画に全く不必要な気がするただただ不倫するだけの事そして問題の下品ワード下品ワードは嫌いじゃないが今回はワード自体言わずにどう表現するかの方に全面的に寄せた方が面白かったかも言わすんなら太鳳にも言わせた方が笑えるのは笑えるふせえりさんの負担がデカすぎる後はCG部ダムから流れる水みてげんなりしました最後にオチですが割とすぐに推測出来てしまいますそこに重点置いてないのかな熱海の捜査官ぐらいぐちゃぐちゃの方が好きだけど最初っからお前が片付ければってなりましたなんか外装だけ豪華にした張りぼての家みたいな印象でした題材はすごく良いので別の形で見たかったです非常に余談ですがオダギリジョー登場シーン付近の揺れるカメラワーク、いらないなと個人的感想
  
",5つ星のうち2.0,1
"







  
  
    いろいろ惜しい
  
","







  
  
    できるだけ予備知識も先入観もない状態で見た。まずは、まぁまぁ面白かった。だって、作品のプロットは「ウルトラマ〇の１エピソードレベル」なんだから。これで面白くできない方が問題がある。これが正直な感想。怪獣の後始末をどうするのかは、すでに「パシフィックリム」で描いていたのでそんなに目新しいアイデアではないし、映画の「素材」として添えられているのならありだと思う。しかし、それ一ネタで映画として作った場合、やはりこんな感じになるよな、とは思った。一番この映画をダメにしているのは、センスのないギャグ、コント、それに伴うセリフ類。ギャグっていうのは言葉の駆け引きの中でこそ活きるもの。それをあんなに連発して使うのは作り手が、この映画の面白さに不安があるからだ。だから小手先のつまらないギャグや芝居に頼ろうとする。この点が一番のマイナス点。ストーリーとしても、ウルトラマ〇なら30分で描いてみせるネタを２時間もかけて、「それ以上のこと」は描けないでいる。（実際に解決策は結局ウルトラマ〇頼りだし）それを穴埋めするかのように不倫の恋愛関係を差し込んでいるが「大人向けの作品」というのはそういうことじゃない。こんな作り方をしているから、脚本面でハリウッド映画に及ばないのだと、いまだに日本の「特撮」関係者にはわかっていない。（大体、「特撮」という言葉を免罪符にして「映画」を作ろうとしていないからこういう作品ばかり作られる羽目になる）もっとシナリオを練り込んで、小手先のギャグと安易な恋愛ネタに頼らず、真っ向勝負を挑んでいればもっといい評価を得られたはず。いいところもあるけれど、悪いところが目立ちすぎ。自分たちで作品の評価を自らつぶしに行く、もったいない作品だと思う。
  
",5つ星のうち3.0,1
"







  
  
    つまらないポリティカルコメディ
  
","







  
  
    笑わせたかったのだろうけど、つまらないパロディが延々とつづき、その合間に解体作戦のざつーな描写が繰り広げられます。チープな創りが目立ちますね。パロディ作品としても、肝心のシリアス部分をしっかりと創っていないと、ドッチラケですよ。
  
",5つ星のうち2.0,1
"







  
  
    映画館で観賞しなくて良かった作品ではあるが、以外にも面白い所もあるにはある！
  
","







  
  
    映画館で、次期公開映画の宣伝映像でこの「大怪獣のあとしまつ」を見て、怪獣映画は多数あれど、その後の「後片付け」にスポットを当てた作品は皆無だったので正直「その時点では」観たいと思った作品でした。ただ、仕事の関係で映画館に行くことも出来ずにそのまま終焉・・・更に、映画のレビューは軒並み「最悪」と散々な言われよう。どんなもんかと、アマプラで観賞した結果ですがちょいちょい入れてくる小さい笑いと下ネタは正直邪魔かな？と。特に小さい笑いに関しては、オチをフォローもせずに投げっぱなしの大盤振る舞いなので質（タチ）が悪い。そこを除けば、それなりには見れるがやはり我慢は必須かな？主人公とヒロイン？の関係性などは、かなり「うっすーい」説明のみなので感情移入も無理だなー。残念・・・
  
",5つ星のうち3.0,1
"







  
  
    SFだと思って観たらコメディだった
  
","







  
  
    初めのナレーションっで嫌な予感。「新たな日常に内包されようとしていた」　内包？？　何、このわかりにくい表現？？　これは頭の悪い人が、カッコ良く見せたい為に書く文章そのものだと思う。「新たな日常になろうとしていた」　これで良いんだよ。　　小難しい表現使って、ガチでヤバい。　案の定、映画の内容は最悪だった。　面白そうな題材なのに、変にふざけたりウケを狙いにいったり。　また、恥ずかしくなるラブロマンスがチラホラと。　うーーーーん。　監督を調べたらタモリ倶楽部なんかの構成作家をされていた人だそうで。　それでなのかもしれない。妙に下品なギャグが入るのは。　嫌いじゃないけど、ちょっと諄いよね。ひたすらウンコを連呼してアピールしたり。なんていうか、タイトルから想像するニーズに合致してないんだよな。　視聴者はもっとリアルな展開を期待してるんだよ。シリアスじゃなくてね。　この辺がセンスなんだよな。　監督はシリアスとギャグを使い分けてたんだけど、シリアスは要らないんだなぁ。リアルなんだよ。このタイトルと設定の場合は、もっとリアルを追求すべきだったと思う。そのリアルから生まれるジョークなら笑えた。　キノコが生えて、アソコにモザイクがかかってたり。なんていうか、強引に笑いを取りに行ってる。シモネタは嫌いじゃないけど、違うんだよなぁ。そういう強引なギャグは緊張感を削ぐんだよな。　この映画の場合は絶対に違うと思う。　　あと、最後のデウスエクスマキナだけど、ウ〇〇〇マンが出てきて、ハイ解決、ちゃんちゃん、なのかもしれない。怪獣なんだもん、ウ〇〇〇マンは出てくるよね！　じゃないんだよ。　それしちゃうと真剣に観てた時間を返してくれ、ってなるんだ。松本人志の大日本人と同じだね。　もう、そういうのをしたいんなら、これはお笑いです、コントです、って初めに宣言してくれ！　時間返してくれってなるよ。騙された気分。　この題材でリアルに作った方が何倍も面白いのに、どうして笑いに行くんだろう？　この映画のラストがわかってたら、全てが茶番だよ。盛大なコント。それが受け入れられる人は面白いと思う。風刺的な部分が強いしね。　でも、私は違います。完全にSFと思って観てた。そして、私と同じように低評価を付ける人はSFとして見始めたはず。　だからなんだよな。もっと強めに宣伝で言ってくれよ。笑いだって。コメディって。なんかおまけみたいなジャンルでコメディと足されてるけど、もっと全面的にアピールしてくれないと勘違いする。だから低評価の嵐なんだよな。
  
",5つ星のうち2.0,1
"







  
  
    センスがない。
  
","







  
  
    公開直後からくク○映画と評判になっていたので気になっていた本作。ようやくprime videoで無料になったので視聴。大怪獣の死骸の始末をどうするか？という着眼点はすごく面白いわけで、徹頭徹尾それをちゃんと描けば面白いSF作品になったと思う。が、製作サイドが描いたのはそういった“空想特撮”・“空想科学”的なものではなく、下品なギャグを織り交ぜた政治風刺だった。これでは期待したものと違うと観客が文句を言うのもよく分かる。宣伝の仕方も悪かったのだろうね。残念ながら我が国は、現実の政治家がとんでもなく茶番を演じているわけで、政治風刺がコメディとして成立しにくい環境だと思う。それなのに下品なギャグで風刺しても面白くないし、とってつけたような三角関係なんてなおさらどうでもよく感じる。間違っても『シン・ゴジラ』や『シン・ウルトラマン』と同列の作品だと勘違いして見てはいけない。
  
",5つ星のうち2.0,1
"







  
  
    作り手がオタクかオタクじゃないか
  
","







  
  
    評判のあまりの悪さにワクワクしながら見させていただきました。なるほど、低評価にもなるわなと。一コメディとして見ればクセはあるがそう悪くも無い作品だと思います。ただ如何せん観客の求めていたものとの乖離が大きすぎる、恐らく政治的科学的軍事的な考察に基づいたリアルなシミュレーションを求められていたのではないでしょうか？勿論原因はシンですね、まぁ勝手に期待して勝手に落胆されて可哀そうではありますが。実際は小劇団のシュールな舞台喜劇、それ自体は別にいいんですけどね。何といいますかにじみ出てるんです、作り手が""特撮を舐めている""のが。怪獣に対する愛が無いんですよパロディのネタ元くらいにしか考えていない。茶化すのは構わないんです、でも根底には愛が無いと。で、まぁ根本的に何が悪いか考えてみたところ思い至ったことがありまして。たぶんですがね、感覚が古いんです。この映画ね恐らく""シン以前""ならここまで酷評されていないと思うんです。シンで観客の怪獣映画に対する姿勢が変わったってことを理解できていない、全体的に平成なんですよねこの映画。
  
",5つ星のうち2.0,1
"







  
  
    最後のオチで怒りが込み上げてきました。
  
","







  
  
    ある種有名になっていたので興味本位でみました。用事をしながらだったので、後半からしっかり見たのですが、見終えた後に感じたくない倦怠感に苛まれました。そのくらいきつかったです。この映画を映画館で視聴した人を、私は尊敬します。後半から見たと書いたが、その辺がオダギリジョーがでたあたり。ここでやっと話が動いたと思ったら、すぐに人間関係のいざこざ話。心底どうでもいい。オダギリジョーと共闘してたあたりは素直に面白かった。ああいう馬鹿げた作戦を真面目にやって、あー失敗失敗。の展開を軸にしてくれれば、ギャグとして面白かったかもなぁとか夢想する。問題は最後の最後。道中も苦痛で残り時間を確認する程度には早く終わってほしかったが、映画の登場人物ひいては視聴者の頑張りを無に返す、考えうる中で最も取ってはいけない展開を持ってきてしまっていた。ある程度事前情報を知ってはいたものの、自分の中から怒りの感情が出てきてしまい、大声を出してしまった。百歩譲って、数十分程度のショート作品ならいいと思うが、2時間もかけてこのオチははない。おそらくネタだが、第二弾を匂わせていた。しかし、次回作の匂わせで液晶を殴りたくなったのは生まれて初めてだった。
  
",5つ星のうち2.0,1
"







  
  
    長いのがなぁ・・・
  
","







  
  
    評価が低い、のが逆に気になっての視聴(笑)長かった・・・。怪獣物は山ほどあるけどこういう視点での怪獣物は斬新！　それにある意味では気になるところだから題材的には面白いよね、って思うのに評価が「低っ！」と。役者もそれなりに揃っているし特撮もちゃんとしているし・・・悪いところがあまりない、んだけど面白いか？と問われると「・・・・」としか言えない映画。基本がシリアス物の構造ででも細かいギャグは散りばめて、みたいな作りが妙に気になるのね。山田君の主演は役者として、というよりキャラがイマイチ立っていないのがとても残念。この映画の敗因はやはり脚本。チョット回りくどいし説明したいことが多すぎ、さらに笑いも、って盛り込み過ぎて結局すべてが中途半端。ラストをこうするならその割には大事な事を「匂わせる」情報は少なすぎるし。作り手が陥る「自分が分かっているので説明を省きすぎたり思い入れで多すぎたり」の見極めが甘い、って言う事ですね。もっといい映画に出来たと思うんだけどねぇ・・・残念。そうそう山田君と太鳳ちゃんは正直、この演出では生かされてない、です。
  
",5つ星のうち3.0,1
"







  
  
    キノコの下ネタしか記憶に残らない
  
","







  
  
    大怪獣の後始末をすると言う壮大な計画の割には大した成果も出せず、最後はアラタの独り相撲で、政府は何もできず終幕と言う感じだった。白々しいキノコネタしか記憶に残らない。
  
",5つ星のうち3.0,1
"







  
  
    評価通り
  
","







  
  
    ギャグに偏り過ぎてつまらなかったそのギャグ自体も滑りまくっててつまらないしもっと科学的にどう処理していけば上手く行く的な方向で作った方が知的好奇心も高まってたでしょうに延々と見せたいストーリーを作っただけと言う感じでした（突っ込み処満載）
  
",5つ星のうち2.0,8
"







  
  
    低評価が逆に良いのかも
  
","







  
  
    俳優陣があまりにも贅沢すぎるからだいぶもったいない作品です基本ギャグ展開が多めな印象を受け、出演者に「やけに時効警察の人がいるし雰囲気も」と思ったら監督が同じ人でした。これで流れがどういう展開になっていくのか理解していればストレスなく見られると思います。が、事前情報がないと終始シリアスギャグな感じなのでイライラが積み重なっていってしまいます。政府に対するブラックユーモアなシーンもあるので普通に面白いと思えるところもありましたが、やっぱり2時間は長い！映画とかではなくて、特番で民放放送をする方向にしていればこんなことにもならかったなぁと思った最後の展開は「えぇぇ！」と思ったけど三木監督なら納得。なんだか低評価にしてもなんにも抵抗がないのはある意味逆に気になったからでこれはこれで成功？かな？
  
",5つ星のうち2.0,8
"







  
  
    面白くはなかったが、覚悟したほどひどくはなかった
  
","







  
  
    話の筋は良かったと思う。しかし、内閣のドタバタと寒いギャグの悪い印象しか残らなかった。ラストに関しては「なぜ初めからそうしなかったのか」と疑問ばかりが残った。まあ実際にそうしたら映画にはならないんだけど、明確な理由が説明されないのはどうかと。映画館で2000円近く払ってたら相当がっかりしてただろうと思う。予告が本編に寄せた内容だったらここまで酷評もされなかっただろうし、被害者も少なかっただろう。
  
",5つ星のうち2.0,8
"







  
  
    監督3人くらいいんの？っていう
  
","







  
  
    通常兵器効かなかったっていう怪獣にミサイルで穴開けるとかの設定とか全体的にギャグなのかシリアスなのか恋愛なのかSFなのか設定が迷子なんだよなぁ途中一瞬出てきたカルト団体とかはAKIRAでもあった気がするし、最後のウルトラマン風だったり視聴者にそういうオマージュ気付いて欲しかったからこそ監督の炎上発言に繋がったんだろうか途中までは下らないギャグが「キッツ」と思ってたけど、現場シリアス閣僚ギャグ寄りって現実への皮肉かと思って前評判ほど悪くはないかという感想でした。(くどすぎってのはあったけどね)が、最後が全部ぶっ壊してましたね、これは金払って見た人から批判来るのも当然。ラストシーンがなんとかなってればまだマシだったかも。まぁその場合は超絶駄作のレッテルも貼られず話題もなしに埋もれてただろうけどこの豪華俳優陣をとんでもない作品に出させたというある意味功績なので星2です
  
",5つ星のうち2.0,8
"







  
  
    見た後のあとしまつをしてほしい
  
","







  
  
    映画館で予告編を見たので、面白そうな内容だと思っていましたが、ハッキリ言って企画だけの内容です。大怪獣の死体をめぐるハラハラ感が感じられない上に、たまに挿入されるギャグシーンが寒いので見ている側には苦痛です。CGの出来も良くないので、怪獣にも魅力を感じません。うんこや死体が臭いなどのワードばかり入ってくるので、序盤で見るのを止めた方も多いのではないでしょうか。もっとぶっ飛んだやり取りやギャグシーンを入れた方が楽しめたような気がします。
  
",5つ星のうち2.0,8
"







  
  
    怪獣映画が好きなもんでこの作品を観たのですが、う～ん…。
  
","







  
  
    テーマとしてはとても面白い、興味深いと思ったのですが、中途半端な脚本、演出のお陰で、定番の怪獣映画にも、リアルSF怪獣映画にもなり損ねた感じですね。なんとも勿体ない…。オチもなんだかね。展開に困った挙句、逃げた感じの印象を受けました。怪獣の造形はなかなか頑張っているかも。ずっと寝たきりだけど。コメディ映画としてもどうなんだろ？これまでの三木聡監督の作品が好きな人は面白いのかも知れませんが。因みに私はあまり好きではありません。それにしてもメインキャストの三人(山田涼介、土屋太鳳、濱田岳)、みんな背があまり高くないですね。この内の一人に合わせるために残り二人をキャスティングしたんでしょうかね？山田クンはあと15㎝高ければ…。これはジャニーズの子あるあるな所ですが。土屋太鳳ちゃんは肉感的で良いんですけどね、スケール感がとても残念です。あと、濱田岳クンは頭部が心配です。オールバックは止めた方が良いです。
  
",5つ星のうち2.0,8
"







  
  
    テーマが面白いから☆2
  
","







  
  
    時間を浪費して、B級映画が見たい！という人にはオススメです！こういうの見ると、これで面白いと思って制作を進めたプロデューサーはスゲーなって思います！ご武運を！
  
",5つ星のうち2.0,8
"







  
  
    一分で終わる映画
  
","







  
  
    選ばれし物が倒したなら速攻選ばれし物が最初から宇宙に廃棄すりゃいいんじゃね？って事です。
  
",5つ星のうち3.0,8
"







  
  
    中途半端
  
","







  
  
    なにがしたかったのか、よくわからない。シンウルトラマンを見た後に見たので、物足りなさが残った。SF映画を撮りたかったのか、コメディを撮りたかったのか、まったくわからない。
  
",5つ星のうち2.0,8
"







  
  
    滅多にこんな低いレビューはしませんが
  
","







  
  
    アイデア、原作、俳優陣、全てはパーフェクトに近いのに演出やテンポが0.1秒単位でもっさりしている。監督が編集に付き合ったならセンスがない。三谷幸喜リスペクトな監督なのかもしれないが残念ながら才能がないと断じざるを得ない。勿体無い。いい映画になるはずだったのに。才能って大事と再確認させてくれた映画。監督がここまでこれたのはおべっか使いで世渡りがうまかったのだろうと想像する。政治の世界ではそういうこともよしとする環境があるんだろうけど、ことアートは全く違う。適当さが透けて見える。なんか悔しい。この監督の映画は二度と見ない。だって映画を安く考えてるから。
  
",5つ星のうち2.0,8
"







  
  
    面白かった
  
","







  
  
    酷評されるほどの作品とは思えないです。充分楽しかったです。
  
",5つ星のうち5.0,24
"







  
  
    期待しないで観た
  
","







  
  
    シン・ゴジラ、シン・ウルトラマンよりも個人的には面白かったシュワッチ！なんて言って飛んで運んだらそれこそウルトラマン０なんて題名が付きそうだ。
  
",5つ星のうち5.0,24
"







  
  
    時間の無駄とはこのこと
  
","







  
  
    中々の面白い切り口のテーマだなと思ったけどこれは酷い。本当に酷いので視聴はオススメしないB級映画好きですら匙を投げそうなこちらよくこんな映画に予算ついたね？誰も脚本読まなかったの？どんなコネ持ってたらこれ作れるの？凄いね？？いや本当に誰も止めなかったの？びっくりするよ、30分くらい見てあまりの酷さにドン引きして、それでもいつか面白くなるかも？と思いながら後は作業しながら流し見したけど最後まで見るものではない主役君の真のファンぐらいじゃないかな？見てられるのテーマも世界観も面白そうなのに一流料理店で小学生が初めて作った野菜炒め出てきたみたいな感じ野菜もお店もお金かかってるのに生焼けの肉と焦げた野菜が塩辛い味付けになっちゃったみたいな？作った小学生の親しか喜ばないような匂いがまさにそれっぽいこの内輪ノリの寒さが当人たちにはわかってない感じがヤバい役者さんは来た仕事断らずにちゃんと仕事した感が正にそれいや～アマプラで流し見だからまあいいけどこれ映画館でお金払った人に同情しちゃうな
  
",5つ星のうち1.0,24
"







  
  
    最後が？ってなる
  
","







  
  
    普通に見れば面白いかもギャグ要素は多い。だけど最後の展開は何だそれってなる！
  
",5つ星のうち3.0,24
"







  
  
    いいと思う
  
","







  
  
    山田がうまく使われているし、設定のひとつひとつに外れはなく、これで次回作はないのであれば、十分合格点だと思います。
  
",5つ星のうち3.0,24
"







  
  
    大駄作のあとしまつ
  
","







  
  
    いやタイトルがちょっと気になって視聴させて貰いましたが、余りにも完成度が低い駄作なのでダメな意味で感動してしまいました。これ基本的に脚本がダメダメなんでしょうね。よくぞこんな脚本で製作スタートしたもんだなという感想しかありません。　このあとしまつはどうするんだろう・・・
  
",5つ星のうち1.0,24
"







  
  
    どうでもいい話。
  
","







  
  
    怪獣の後始末。巨大な死体を始末する話なのだけれど、全てが中途半端です。シリアスにも、コメディにも振ってしまえば話として成立するのに、どちらにも振り切れていません。巨大な死体があるだけなら放っておけばいいのに、悪臭を放つ、と問題を提示。途中から切実な話になるけれど、結末で何？　となる。それなら最初から、それで問題解決しろよ、となる。場面にちょろっとでた話で伏線回収？特撮が何だって？暗喩が？無意味な場面に意味を見出す観客がいるとでも？視聴時間は無駄です。マインスイーパーやピンボールを同じ時間やっていた方が遥かに有意義な映画です。
  
",5つ星のうち1.0,24
"







  
  
    評価が低かったが、私的には面白かった。
  
","







  
  
    俳優陣が厚く、皆さん良い味を出していた。最後がそれまでの現実的な描写と正反対で面白かった。現実離れしていて良い👍
  
",5つ星のうち5.0,24
"







  
  
    本当に価値がない
  
","







  
  
    庵野秀明の才能に嫉妬して狂った盲人の自慰的作品。こんなものに予算がつくとは。邦画のダメなところ（稚拙なセリフ回しや無用なロマンス）が凝縮した一品。アマプラでタダで観れるからどんなものかと観てみましたが、こういう軽い動機で観るにはあまりに幼稚で観るに堪えない作品でした。まったくおススメしません。好きな俳優が嫌いになる。なんでこんなウンコみたいなセリフを吐かされてるのか。普段は大好きな西田敏行や濱田岳がひどく嫌いになれる。三木聡という名前を知れて良かったという意味で星一つ付けさせて頂きます。今後は彼の名前を避けて映画選びが出来ます。
  
",5つ星のうち1.0,24
"







  
  
    ストーリーがマンガみたい
  
","







  
  
    つまらない映画でした
  
",5つ星のうち3.0,24
"







  
  
    そこまで悪くない
  
","







  
  
    なんというか内閣のつまらないギャグをやめて、もう少しあらたら3人の伏線を深掘りするか、最後のウルトラマンでなく人の手による解体に持っていけばもう少しいいのになった気がする。
  
",5つ星のうち3.0,4
"







  
  
    無料ならまあ
  
","







  
  
    いろいろな映画レビューで散々な評価のようですが無料ならまあまあといったところです　思ったよりは後始末が描かれていましたがアマプラビデオなので終わり際の次のエピソードが「シン.ウルトラマン」だったのは笑いました
  
",5つ星のうち3.0,4
"







  
  
    勿体ない映画
  
","







  
  
    ストーリの種としての着眼点はとっても良かったし役者の演技も、特撮好きをくすぐるラストも決して悪くなかったのに・・・本当に勿体ない映画と感じました。パロディーにするのであれば泉昌之のウルトラマンくらい振り切ってしまえばよかったであろうし、シリアス系で描くのであればシン・ゴジラの世界観をそのまま持ってくるくらいの思い切りが欲しかった。もし、庵野監督が同じ俳優、同じテーマで撮ったら100倍面白い映画になったと思います。いっそのこと「シン・大怪獣のあとしまつ」とか庵野組で撮影してくれないかな。
  
",5つ星のうち3.0,4
"







  
  
    シン・ゴジラを見てから立て続けにみるとより楽しめます。
  
","







  
  
    そうだよねえ、あの大質量を片付けるのは相当手間が掛かるよねえ。などとしみじみ思います。
  
",5つ星のうち3.0,4
"







  
  
    コメディなの？
  
","







  
  
    Prime Video見放題対象になったので視聴。三木聡監督作品なので、これでいいと思います。でも合う合わないが激しい。見たことあるキャストにお決まりのセリフ。悪く言えば身内ウケ作品。時効警察が好きで、ジャンルに囚われない映画好きの人にオススメ。
  
",5つ星のうち3.0,4
"







  
  
    BGM的に流し見くらいか
  
","







  
  
    そんなに悪い感じはしませんが、じっくり見ちゃおうという作品でもないなぁと思います。何かをしながらBGM的に見ている分には、「へぇ～」的に楽しめました。
  
",5つ星のうち3.0,4
"







  
  
    冗長
  
","







  
  
    庵野作品に三木テイストを乗せた結果、冗長になったのを編集で切り詰めたら雑な作品になったという感じ。シークバー見てまだ半分？って思った。この作品観るとふせえりさん嫌いになると思うｗ60分強の作品だったら評価が結構変わったと思う。
  
",5つ星のうち3.0,4
"







  
  
    まあ
  
","







  
  
    マッドマックスが好きなのかな？ってちょっと思った
  
",5つ星のうち3.0,4
"







  
  
    令和のデビルマン
  
","







  
  
    酷評がすごいがギャグが滑りまくってるのをスルーすればそこそこ面白い庵野がとればよかったのに主人公が光ってお終いは　期待がアレだったので不完全燃焼
  
",5つ星のうち3.0,4
"







  
  
    途中まで面白い
  
","







  
  
    もしこうなればこんな感じになりそうです.それぞれ部門部署に押し付け合いになるでしょラストは人の手で解決した方が良いですオマージュとはね　そろそろキャスティング変えませんかもう少しシリアスにした方が良い彼が出ると必ずお笑いになる
  
",5つ星のうち3.0,4
"







  
  
    おやじギャグ満載の娯楽映画
  
","







  
  
    正月の暇つぶしにピッタリの娯楽映画でした。ただし、下ネタあり、不倫あり、隣国の揶揄や政治のパロディが散りばめられていて、全体的に子供向きではないです。子供が見ても笑える部分はあるとは思いますが、疲れたおじさんが息抜きに見てこそ価値がある映画だと思います。低評価のレビューを読むと怒気さえ感じるものもありますが、吉本新喜劇でも見るような気分で、肩の力を抜いて視聴されることをお勧めします。
  
",5つ星のうち5.0,23
"







  
  
    面白かった！
  
","







  
  
    エンタテーンメントとして申し分ない。なんでこんなに低評価なのか？何を期待しているのだろう？
  
",5つ星のうち5.0,23
"







  
  
    緩い
  
","







  
  
    少しひねった映画
  
",5つ星のうち3.0,23
"







  
  
    テーマは面白いのですが・・・
  
","







  
  
    まー、お正月のくだらないTV番組を見るよりは、有意義な時間の潰し方だろうと思って、また、チマタの評価の確認と言う名目もあるしってコトで見始めたが、なんていうか、その・・・しかし、エンタメのド素人であるワタシでも、この作品をリメイクするならと、アレやコレやと考えてしまったので、そう言う意味では有意義な作品であろうと思う。
  
",5つ星のうち5.0,23
"







  
  
    当初のコンセプトは間違っていなかったと思うが…
  
","







  
  
    映画館で公開された当初から凄まじい批判を受けていた作品だったので、それなりに覚悟をしながら作品を鑑賞したが、まあひどい作品。設定の矛盾とかはハッキリ言ってどうでも良い。だって特撮だから。そうじゃなく単純に「作品」としてダメ。と言うか、よく考えてみれば公開当初の俳優のインタビューで誰一人として「面白い」って言ってないんですよね。監督（脚本）はネットニュースのインタビューで何やら炎上する言い訳していましたが、出演者は上映するまでもなく分かってたんだと思う。この作品ダメなんだって。まず何がダメかと言えば、・話の腰を折るようなしょうもないギャグ・人によっては不快感を覚えるような下ネタ・いろんなところから適当に拾ってきたパロディネタ・どこかの層にウケさせたいためだけの時事ネタ・不必要な恋愛（不倫）要素etc…、挙げればきりがない。とにかく映画として無駄な部分が多い。これらを削れば名作になり得た気もするが、そうなるとたぶん監督が撮りたかった作品にはならなかったんだろう。ただ、しょうもないギャグやら恋愛要素は明らかに特撮ファンが見たい作品ではなかったはず。だってマジで要らないんだもん。とは言うものの予告はめちゃくちゃ見たくなる出来だったし、開始5分くらいまでは雰囲気はかなり良かった。コンセプトは間違ってなかったはず。本当に惜しい。
  
",5つ星のうち1.0,23
"







  
  
    評判以上につまらなかった
  
","







  
  
    とにかくストーリーがつまらない。話がどんどん破綻していき、最終的には投げやりな終わり方。シリアスでもコメディでもSFでもない。どれもが中途半端で、オチありきの脚本っぽいので内容が本当にあって無いようなもの。そして、個人的に一番酷いと感じたのが、特撮部分。テレビのウルトラマンシリーズや仮面ライダー、戦隊ヒーローの足元にも及ばないほどの雑なCG合成。演出的にも臨場感がなく、見ていて腹が立ってきた。なんか全体的にチープ過ぎて、本当に見ていて辛かった。出演されてる豪華俳優陣が可哀想になるくらい。
  
",5つ星のうち1.0,23
"







  
  
    邦画はこういうのでいいと思う
  
","







  
  
    盛り上がるシーンがあるわけではなく、下ネタと縦割り行政をおちょくった内容日本のＳＦ映画って、映像もしょぼくてストーリーもつまらないのばかりだけど、いい感じの予算でいい感じの暇つぶし映画に仕上がってると思いました。個人的には土屋太鳳ちゃんファンなので、★一つ増やしておきました。小さな子供と一緒に見るには不向きな映画ではあります。
  
",5つ星のうち5.0,23
"







  
  
    コメディ要素は思ったほどではなく、少しシリアスより。
  
","







  
  
    コメディ色が強いと思って見ると、少し残念な気持ちになる。作品のテーマはGoodです。
  
",5つ星のうち3.0,23
"







  
  
    豪華キャストの無駄遣い。続編って本気ですか？
  
","







  
  
    YouTubeのトレーラーを見て映画館に足を運ぼうか迷っていたくらい、観たかった作品です。あまりにも酷評されていたので行くのをやめたのですが、本日何気なくプライムビデオを眺めてたらあるじゃないですか！という事で、期待を胸に早速再生ボタンを押したのですが……酷評されていた理由がよくわかりました。他に低評価をしている方のご意見にもある通り、着眼点が非常に良く題材が面白いです。しかし、ただそれだけの作品でした。見始めてすぐがピークです。そこからは落ちていくばかり。まるで映画研究会の学生が若さと勢いで作ったものを延々と見させられているような気分になります。ノリが本当に寒い。結局最後まできっちり観ましたが、何をしたいのかさっぱりわかりません。コメディにしては中途半端だし、シリアスにしても度々入る低俗なギャグがそれを台無しにします。台詞回しもリアリティが無く薄っぺらい。けれど、それ自体が悪いのではなく、突き抜けたギャグコメディならば活きるであろう台詞が、半端にシリアスにするせいで上滑りしているのです。よくふき出さずに演技できるなぁと感心しました。観ているこちらは全く面白くありませんが、その場に居たら失笑してしまうのでは？　と思うようなシーンがいくつもあります。途中、世にも奇妙な物語のブラックコメディ回に少し似ているかもしれないとも思いましたが、あれは３０分程度にまとまっている上に真剣にふざけているから面白いのであって、匙加減を間違えるとただ寒いだけ。まさかそれを２時間近く見せられるとは思いませんでした。予想がつくオチのために２時間を無駄にする価値は無いと私個人は思いますが出演している俳優さんたちがものすごく豪華なのでファンの方向けですね。多分。エンドロールが流れている画面に映り込んだ自分のげんなり顔で一番笑いました。それくらい、おすすめできません。
  
",5つ星のうち1.0,23
"







  
  
    邦画のダメなところ
  
","







  
  
    盛りだくさん。つまらないギャグが120分続くかと思い、途中で視聴断念。・なぞの子役・無駄な恋愛要素・凄腕なのをいちいち言葉で説明・棒読みちゃん・ギャグはずっとつまらん・マスクもカメラもライトもなしに現地調査・隆起物をいきなり割る・持って帰ってきてから防護服・しょぼい合成よくこれでリリースしたなーと、誰か止めなかったの？
  
",5つ星のうち1.0,23
